-- phpMyAdmin SQL Dump
-- version 5.1.3
-- https://www.phpmyadmin.net/
--
-- Host: localhost
-- Generation Time: Aug 15, 2023 at 10:28 AM
-- Server version: 10.4.24-MariaDB
-- PHP Version: 7.4.29

SET SQL_MODE = "NO_AUTO_VALUE_ON_ZERO";
START TRANSACTION;
SET time_zone = "+00:00";


/*!40101 SET @OLD_CHARACTER_SET_CLIENT=@@CHARACTER_SET_CLIENT */;
/*!40101 SET @OLD_CHARACTER_SET_RESULTS=@@CHARACTER_SET_RESULTS */;
/*!40101 SET @OLD_COLLATION_CONNECTION=@@COLLATION_CONNECTION */;
/*!40101 SET NAMES utf8mb4 */;

--
-- Database: `sendemails`
--

-- --------------------------------------------------------

--
-- Table structure for table `customers`
--

CREATE TABLE `customers` (
  `id` bigint(20) UNSIGNED NOT NULL,
  `first_name` varchar(150) COLLATE utf8mb4_unicode_ci NOT NULL,
  `last_name` varchar(150) COLLATE utf8mb4_unicode_ci NOT NULL,
  `email` varchar(255) COLLATE utf8mb4_unicode_ci NOT NULL,
  `sex` enum('male','female','other') COLLATE utf8mb4_unicode_ci DEFAULT NULL,
  `birth_date` date DEFAULT NULL,
  `created_at` timestamp NULL DEFAULT NULL,
  `updated_at` timestamp NULL DEFAULT NULL
) ENGINE=InnoDB DEFAULT CHARSET=utf8mb4 COLLATE=utf8mb4_unicode_ci;

--
-- Dumping data for table `customers`
--

INSERT INTO `customers` (`id`, `first_name`, `last_name`, `email`, `sex`, `birth_date`, `created_at`, `updated_at`) VALUES
(4, 'moses', 'egboh', 'mosesegboh@yahoo.com', 'male', '2023-08-16', '2023-08-13 13:27:36', '2023-08-13 13:27:36'),
(5, 'james', 'osakwe', 'james@gege.com', 'male', '2023-08-14', '2023-08-13 20:28:28', '2023-08-13 20:28:28'),
(6, 'james', 'osakwe', 'moses.egboh@mtc.co.uk', 'male', '2023-08-16', '2023-08-14 22:32:19', '2023-08-14 22:32:19'),
(7, 'tester', 'Great', 'therealestprofessional@gmail.com', 'female', '2023-08-01', '2023-08-15 06:40:29', '2023-08-15 06:40:29'),
(8, 'jake', 'test', 'jakes@yahoo.com', 'male', '2023-08-17', '2023-08-15 06:50:23', '2023-08-15 06:50:23'),
(9, 'hack', 'lack', 'hacker@yahoo.ocom', 'male', '2023-08-17', '2023-08-15 06:54:17', '2023-08-15 06:54:17'),
(10, 'omar', 'gibson', 'omar@yahoo.com', 'female', '2023-08-18', '2023-08-15 06:55:06', '2023-08-15 06:55:06'),
(11, 'kataka', 'larsen', 'kalu@aol.com', 'male', NULL, '2023-08-15 07:16:28', '2023-08-15 07:16:28');

-- --------------------------------------------------------

--
-- Table structure for table `customer_groups`
--

CREATE TABLE `customer_groups` (
  `id` bigint(20) UNSIGNED NOT NULL,
  `name` varchar(255) COLLATE utf8mb4_unicode_ci NOT NULL,
  `created_at` timestamp NULL DEFAULT NULL,
  `updated_at` timestamp NULL DEFAULT NULL
) ENGINE=InnoDB DEFAULT CHARSET=utf8mb4 COLLATE=utf8mb4_unicode_ci;

--
-- Dumping data for table `customer_groups`
--

INSERT INTO `customer_groups` (`id`, `name`, `created_at`, `updated_at`) VALUES
(4, 'First Group', '2023-08-12 15:22:40', '2023-08-15 06:25:21'),
(5, 'Second Group', '2023-08-12 15:22:46', '2023-08-12 15:22:46'),
(6, 'Third Group', '2023-08-12 15:22:53', '2023-08-12 15:22:53'),
(14, 'Fourth Group', '2023-08-13 13:49:15', '2023-08-13 13:49:15'),
(15, 'Fifth Groupssssss', '2023-08-13 13:53:15', '2023-08-13 17:14:17');

-- --------------------------------------------------------

--
-- Table structure for table `customer_group_members`
--

CREATE TABLE `customer_group_members` (
  `id` bigint(20) UNSIGNED NOT NULL,
  `customer_id` bigint(20) UNSIGNED NOT NULL,
  `customer_group_id` bigint(20) UNSIGNED NOT NULL,
  `created_at` timestamp NULL DEFAULT NULL,
  `updated_at` timestamp NULL DEFAULT NULL
) ENGINE=InnoDB DEFAULT CHARSET=utf8mb4 COLLATE=utf8mb4_unicode_ci;

--
-- Dumping data for table `customer_group_members`
--

INSERT INTO `customer_group_members` (`id`, `customer_id`, `customer_group_id`, `created_at`, `updated_at`) VALUES
(2, 4, 5, NULL, NULL),
(3, 5, 5, NULL, NULL),
(4, 6, 4, NULL, NULL),
(5, 7, 4, NULL, NULL),
(6, 8, 4, NULL, NULL),
(7, 9, 6, NULL, NULL),
(8, 10, 14, NULL, NULL),
(9, 11, 14, NULL, NULL);

-- --------------------------------------------------------

--
-- Table structure for table `email_schedules`
--

CREATE TABLE `email_schedules` (
  `id` bigint(20) UNSIGNED NOT NULL,
  `email_template_id` bigint(20) UNSIGNED NOT NULL,
  `group_id` bigint(20) UNSIGNED NOT NULL,
  `scheduled_time` timestamp NOT NULL DEFAULT current_timestamp() ON UPDATE current_timestamp(),
  `created_at` timestamp NULL DEFAULT NULL,
  `updated_at` timestamp NULL DEFAULT NULL
) ENGINE=InnoDB DEFAULT CHARSET=utf8mb4 COLLATE=utf8mb4_unicode_ci;

-- --------------------------------------------------------

--
-- Table structure for table `email_templates`
--

CREATE TABLE `email_templates` (
  `id` bigint(20) UNSIGNED NOT NULL,
  `user_id` bigint(20) UNSIGNED NOT NULL,
  `subject` varchar(255) COLLATE utf8mb4_unicode_ci NOT NULL,
  `body_template` text COLLATE utf8mb4_unicode_ci NOT NULL,
  `created_at` timestamp NULL DEFAULT NULL,
  `updated_at` timestamp NULL DEFAULT NULL
) ENGINE=InnoDB DEFAULT CHARSET=utf8mb4 COLLATE=utf8mb4_unicode_ci;

--
-- Dumping data for table `email_templates`
--

INSERT INTO `email_templates` (`id`, `user_id`, `subject`, `body_template`, `created_at`, `updated_at`) VALUES
(1, 1, 'We Noticed you have a pending order!', '<p>Test{last_name}</p>', '2023-08-13 20:23:20', '2023-08-13 20:23:20'),
(2, 1, 'Your payment Has been made', '<p>Hello {first_name},<br />Your Payment has been made to your email: {email}.<br />Regards {last_name}.<br /><br /></p>', '2023-08-15 07:04:37', '2023-08-15 07:04:37'),
(3, 1, 'Test', '<p>Hello {last_name}</p>', '2023-08-15 07:19:31', '2023-08-15 07:19:31');

-- --------------------------------------------------------

--
-- Table structure for table `failed_jobs`
--

CREATE TABLE `failed_jobs` (
  `id` bigint(20) UNSIGNED NOT NULL,
  `uuid` varchar(255) COLLATE utf8mb4_unicode_ci NOT NULL,
  `connection` text COLLATE utf8mb4_unicode_ci NOT NULL,
  `queue` text COLLATE utf8mb4_unicode_ci NOT NULL,
  `payload` longtext COLLATE utf8mb4_unicode_ci NOT NULL,
  `exception` longtext COLLATE utf8mb4_unicode_ci NOT NULL,
  `failed_at` timestamp NOT NULL DEFAULT current_timestamp()
) ENGINE=InnoDB DEFAULT CHARSET=utf8mb4 COLLATE=utf8mb4_unicode_ci;

--
-- Dumping data for table `failed_jobs`
--

INSERT INTO `failed_jobs` (`id`, `uuid`, `connection`, `queue`, `payload`, `exception`, `failed_at`) VALUES
(1, 'd92e50d4-55e4-408a-9b56-ce2df97b16b5', 'database', 'default', '{\"uuid\":\"d92e50d4-55e4-408a-9b56-ce2df97b16b5\",\"displayName\":\"App\\\\Jobs\\\\SendGroupEmail\",\"job\":\"Illuminate\\\\Queue\\\\CallQueuedHandler@call\",\"maxTries\":null,\"maxExceptions\":null,\"failOnTimeout\":false,\"backoff\":null,\"timeout\":null,\"retryUntil\":null,\"data\":{\"commandName\":\"App\\\\Jobs\\\\SendGroupEmail\",\"command\":\"O:23:\\\"App\\\\Jobs\\\\SendGroupEmail\\\":12:{s:10:\\\"\\u0000*\\u0000groupId\\\";O:45:\\\"Illuminate\\\\Contracts\\\\Database\\\\ModelIdentifier\\\":4:{s:5:\\\"class\\\";s:24:\\\"App\\\\Models\\\\CustomerGroup\\\";s:2:\\\"id\\\";i:5;s:9:\\\"relations\\\";a:0:{}s:10:\\\"connection\\\";s:5:\\\"mysql\\\";}s:13:\\\"\\u0000*\\u0000templateId\\\";O:45:\\\"Illuminate\\\\Contracts\\\\Database\\\\ModelIdentifier\\\":4:{s:5:\\\"class\\\";s:24:\\\"App\\\\Models\\\\EmailTemplate\\\";s:2:\\\"id\\\";i:1;s:9:\\\"relations\\\";a:0:{}s:10:\\\"connection\\\";s:5:\\\"mysql\\\";}s:3:\\\"job\\\";N;s:10:\\\"connection\\\";N;s:5:\\\"queue\\\";N;s:15:\\\"chainConnection\\\";N;s:10:\\\"chainQueue\\\";N;s:19:\\\"chainCatchCallbacks\\\";N;s:5:\\\"delay\\\";O:13:\\\"Carbon\\\\Carbon\\\":3:{s:4:\\\"date\\\";s:26:\\\"2023-08-14 20:08:36.299734\\\";s:13:\\\"timezone_type\\\";i:3;s:8:\\\"timezone\\\";s:3:\\\"UTC\\\";}s:11:\\\"afterCommit\\\";N;s:10:\\\"middleware\\\";a:0:{}s:7:\\\"chained\\\";a:0:{}}\"}}', 'TypeError: App\\Services\\SendMailService::replacePlaceholders(): Argument #1 ($body) must be of type string, null given, called in /home/scandiweb/myProjects/sendemails/app/Jobs/SendGroupEmail.php on line 47 and defined in /home/scandiweb/myProjects/sendemails/app/Services/SendMailService.php:52\nStack trace:\n#0 /home/scandiweb/myProjects/sendemails/app/Jobs/SendGroupEmail.php(47): App\\Services\\SendMailService::replacePlaceholders()\n#1 /home/scandiweb/myProjects/sendemails/vendor/laravel/framework/src/Illuminate/Container/BoundMethod.php(36): App\\Jobs\\SendGroupEmail->handle()\n#2 /home/scandiweb/myProjects/sendemails/vendor/laravel/framework/src/Illuminate/Container/Util.php(40): Illuminate\\Container\\BoundMethod::Illuminate\\Container\\{closure}()\n#3 /home/scandiweb/myProjects/sendemails/vendor/laravel/framework/src/Illuminate/Container/BoundMethod.php(93): Illuminate\\Container\\Util::unwrapIfClosure()\n#4 /home/scandiweb/myProjects/sendemails/vendor/laravel/framework/src/Illuminate/Container/BoundMethod.php(35): Illuminate\\Container\\BoundMethod::callBoundMethod()\n#5 /home/scandiweb/myProjects/sendemails/vendor/laravel/framework/src/Illuminate/Container/Container.php(653): Illuminate\\Container\\BoundMethod::call()\n#6 /home/scandiweb/myProjects/sendemails/vendor/laravel/framework/src/Illuminate/Bus/Dispatcher.php(128): Illuminate\\Container\\Container->call()\n#7 /home/scandiweb/myProjects/sendemails/vendor/laravel/framework/src/Illuminate/Pipeline/Pipeline.php(128): Illuminate\\Bus\\Dispatcher->Illuminate\\Bus\\{closure}()\n#8 /home/scandiweb/myProjects/sendemails/vendor/laravel/framework/src/Illuminate/Pipeline/Pipeline.php(103): Illuminate\\Pipeline\\Pipeline->Illuminate\\Pipeline\\{closure}()\n#9 /home/scandiweb/myProjects/sendemails/vendor/laravel/framework/src/Illuminate/Bus/Dispatcher.php(132): Illuminate\\Pipeline\\Pipeline->then()\n#10 /home/scandiweb/myProjects/sendemails/vendor/laravel/framework/src/Illuminate/Queue/CallQueuedHandler.php(119): Illuminate\\Bus\\Dispatcher->dispatchNow()\n#11 /home/scandiweb/myProjects/sendemails/vendor/laravel/framework/src/Illuminate/Pipeline/Pipeline.php(128): Illuminate\\Queue\\CallQueuedHandler->Illuminate\\Queue\\{closure}()\n#12 /home/scandiweb/myProjects/sendemails/vendor/laravel/framework/src/Illuminate/Pipeline/Pipeline.php(103): Illuminate\\Pipeline\\Pipeline->Illuminate\\Pipeline\\{closure}()\n#13 /home/scandiweb/myProjects/sendemails/vendor/laravel/framework/src/Illuminate/Queue/CallQueuedHandler.php(118): Illuminate\\Pipeline\\Pipeline->then()\n#14 /home/scandiweb/myProjects/sendemails/vendor/laravel/framework/src/Illuminate/Queue/CallQueuedHandler.php(70): Illuminate\\Queue\\CallQueuedHandler->dispatchThroughMiddleware()\n#15 /home/scandiweb/myProjects/sendemails/vendor/laravel/framework/src/Illuminate/Queue/Jobs/Job.php(98): Illuminate\\Queue\\CallQueuedHandler->call()\n#16 /home/scandiweb/myProjects/sendemails/vendor/laravel/framework/src/Illuminate/Queue/Worker.php(428): Illuminate\\Queue\\Jobs\\Job->fire()\n#17 /home/scandiweb/myProjects/sendemails/vendor/laravel/framework/src/Illuminate/Queue/Worker.php(378): Illuminate\\Queue\\Worker->process()\n#18 /home/scandiweb/myProjects/sendemails/vendor/laravel/framework/src/Illuminate/Queue/Worker.php(172): Illuminate\\Queue\\Worker->runJob()\n#19 /home/scandiweb/myProjects/sendemails/vendor/laravel/framework/src/Illuminate/Queue/Console/WorkCommand.php(116): Illuminate\\Queue\\Worker->daemon()\n#20 /home/scandiweb/myProjects/sendemails/vendor/laravel/framework/src/Illuminate/Queue/Console/WorkCommand.php(100): Illuminate\\Queue\\Console\\WorkCommand->runWorker()\n#21 /home/scandiweb/myProjects/sendemails/vendor/laravel/framework/src/Illuminate/Container/BoundMethod.php(36): Illuminate\\Queue\\Console\\WorkCommand->handle()\n#22 /home/scandiweb/myProjects/sendemails/vendor/laravel/framework/src/Illuminate/Container/Util.php(40): Illuminate\\Container\\BoundMethod::Illuminate\\Container\\{closure}()\n#23 /home/scandiweb/myProjects/sendemails/vendor/laravel/framework/src/Illuminate/Container/BoundMethod.php(93): Illuminate\\Container\\Util::unwrapIfClosure()\n#24 /home/scandiweb/myProjects/sendemails/vendor/laravel/framework/src/Illuminate/Container/BoundMethod.php(35): Illuminate\\Container\\BoundMethod::callBoundMethod()\n#25 /home/scandiweb/myProjects/sendemails/vendor/laravel/framework/src/Illuminate/Container/Container.php(653): Illuminate\\Container\\BoundMethod::call()\n#26 /home/scandiweb/myProjects/sendemails/vendor/laravel/framework/src/Illuminate/Console/Command.php(136): Illuminate\\Container\\Container->call()\n#27 /home/scandiweb/myProjects/sendemails/vendor/symfony/console/Command/Command.php(298): Illuminate\\Console\\Command->execute()\n#28 /home/scandiweb/myProjects/sendemails/vendor/laravel/framework/src/Illuminate/Console/Command.php(120): Symfony\\Component\\Console\\Command\\Command->run()\n#29 /home/scandiweb/myProjects/sendemails/vendor/symfony/console/Application.php(1040): Illuminate\\Console\\Command->run()\n#30 /home/scandiweb/myProjects/sendemails/vendor/symfony/console/Application.php(301): Symfony\\Component\\Console\\Application->doRunCommand()\n#31 /home/scandiweb/myProjects/sendemails/vendor/symfony/console/Application.php(171): Symfony\\Component\\Console\\Application->doRun()\n#32 /home/scandiweb/myProjects/sendemails/vendor/laravel/framework/src/Illuminate/Console/Application.php(94): Symfony\\Component\\Console\\Application->run()\n#33 /home/scandiweb/myProjects/sendemails/vendor/laravel/framework/src/Illuminate/Foundation/Console/Kernel.php(129): Illuminate\\Console\\Application->run()\n#34 /home/scandiweb/myProjects/sendemails/artisan(35): Illuminate\\Foundation\\Console\\Kernel->handle()\n#35 {main}', '2023-08-14 19:10:44'),
(2, '69f61858-6d3a-4326-ab98-9dae91ad1d43', 'database', 'default', '{\"uuid\":\"69f61858-6d3a-4326-ab98-9dae91ad1d43\",\"displayName\":\"App\\\\Jobs\\\\SendGroupEmail\",\"job\":\"Illuminate\\\\Queue\\\\CallQueuedHandler@call\",\"maxTries\":null,\"maxExceptions\":null,\"failOnTimeout\":false,\"backoff\":null,\"timeout\":null,\"retryUntil\":null,\"data\":{\"commandName\":\"App\\\\Jobs\\\\SendGroupEmail\",\"command\":\"O:23:\\\"App\\\\Jobs\\\\SendGroupEmail\\\":12:{s:10:\\\"\\u0000*\\u0000groupId\\\";O:45:\\\"Illuminate\\\\Contracts\\\\Database\\\\ModelIdentifier\\\":4:{s:5:\\\"class\\\";s:24:\\\"App\\\\Models\\\\CustomerGroup\\\";s:2:\\\"id\\\";i:5;s:9:\\\"relations\\\";a:0:{}s:10:\\\"connection\\\";s:5:\\\"mysql\\\";}s:13:\\\"\\u0000*\\u0000templateId\\\";O:45:\\\"Illuminate\\\\Contracts\\\\Database\\\\ModelIdentifier\\\":4:{s:5:\\\"class\\\";s:24:\\\"App\\\\Models\\\\EmailTemplate\\\";s:2:\\\"id\\\";i:1;s:9:\\\"relations\\\";a:0:{}s:10:\\\"connection\\\";s:5:\\\"mysql\\\";}s:3:\\\"job\\\";N;s:10:\\\"connection\\\";N;s:5:\\\"queue\\\";N;s:15:\\\"chainConnection\\\";N;s:10:\\\"chainQueue\\\";N;s:19:\\\"chainCatchCallbacks\\\";N;s:5:\\\"delay\\\";O:13:\\\"Carbon\\\\Carbon\\\":3:{s:4:\\\"date\\\";s:26:\\\"2023-08-14 20:19:54.029689\\\";s:13:\\\"timezone_type\\\";i:3;s:8:\\\"timezone\\\";s:3:\\\"UTC\\\";}s:11:\\\"afterCommit\\\";N;s:10:\\\"middleware\\\";a:0:{}s:7:\\\"chained\\\";a:0:{}}\"}}', 'TypeError: App\\Services\\SendMailService::replacePlaceholders(): Argument #1 ($body) must be of type string, null given, called in /home/scandiweb/myProjects/sendemails/app/Jobs/SendGroupEmail.php on line 47 and defined in /home/scandiweb/myProjects/sendemails/app/Services/SendMailService.php:52\nStack trace:\n#0 /home/scandiweb/myProjects/sendemails/app/Jobs/SendGroupEmail.php(47): App\\Services\\SendMailService::replacePlaceholders()\n#1 /home/scandiweb/myProjects/sendemails/vendor/laravel/framework/src/Illuminate/Container/BoundMethod.php(36): App\\Jobs\\SendGroupEmail->handle()\n#2 /home/scandiweb/myProjects/sendemails/vendor/laravel/framework/src/Illuminate/Container/Util.php(40): Illuminate\\Container\\BoundMethod::Illuminate\\Container\\{closure}()\n#3 /home/scandiweb/myProjects/sendemails/vendor/laravel/framework/src/Illuminate/Container/BoundMethod.php(93): Illuminate\\Container\\Util::unwrapIfClosure()\n#4 /home/scandiweb/myProjects/sendemails/vendor/laravel/framework/src/Illuminate/Container/BoundMethod.php(35): Illuminate\\Container\\BoundMethod::callBoundMethod()\n#5 /home/scandiweb/myProjects/sendemails/vendor/laravel/framework/src/Illuminate/Container/Container.php(653): Illuminate\\Container\\BoundMethod::call()\n#6 /home/scandiweb/myProjects/sendemails/vendor/laravel/framework/src/Illuminate/Bus/Dispatcher.php(128): Illuminate\\Container\\Container->call()\n#7 /home/scandiweb/myProjects/sendemails/vendor/laravel/framework/src/Illuminate/Pipeline/Pipeline.php(128): Illuminate\\Bus\\Dispatcher->Illuminate\\Bus\\{closure}()\n#8 /home/scandiweb/myProjects/sendemails/vendor/laravel/framework/src/Illuminate/Pipeline/Pipeline.php(103): Illuminate\\Pipeline\\Pipeline->Illuminate\\Pipeline\\{closure}()\n#9 /home/scandiweb/myProjects/sendemails/vendor/laravel/framework/src/Illuminate/Bus/Dispatcher.php(132): Illuminate\\Pipeline\\Pipeline->then()\n#10 /home/scandiweb/myProjects/sendemails/vendor/laravel/framework/src/Illuminate/Queue/CallQueuedHandler.php(119): Illuminate\\Bus\\Dispatcher->dispatchNow()\n#11 /home/scandiweb/myProjects/sendemails/vendor/laravel/framework/src/Illuminate/Pipeline/Pipeline.php(128): Illuminate\\Queue\\CallQueuedHandler->Illuminate\\Queue\\{closure}()\n#12 /home/scandiweb/myProjects/sendemails/vendor/laravel/framework/src/Illuminate/Pipeline/Pipeline.php(103): Illuminate\\Pipeline\\Pipeline->Illuminate\\Pipeline\\{closure}()\n#13 /home/scandiweb/myProjects/sendemails/vendor/laravel/framework/src/Illuminate/Queue/CallQueuedHandler.php(118): Illuminate\\Pipeline\\Pipeline->then()\n#14 /home/scandiweb/myProjects/sendemails/vendor/laravel/framework/src/Illuminate/Queue/CallQueuedHandler.php(70): Illuminate\\Queue\\CallQueuedHandler->dispatchThroughMiddleware()\n#15 /home/scandiweb/myProjects/sendemails/vendor/laravel/framework/src/Illuminate/Queue/Jobs/Job.php(98): Illuminate\\Queue\\CallQueuedHandler->call()\n#16 /home/scandiweb/myProjects/sendemails/vendor/laravel/framework/src/Illuminate/Queue/Worker.php(428): Illuminate\\Queue\\Jobs\\Job->fire()\n#17 /home/scandiweb/myProjects/sendemails/vendor/laravel/framework/src/Illuminate/Queue/Worker.php(378): Illuminate\\Queue\\Worker->process()\n#18 /home/scandiweb/myProjects/sendemails/vendor/laravel/framework/src/Illuminate/Queue/Worker.php(172): Illuminate\\Queue\\Worker->runJob()\n#19 /home/scandiweb/myProjects/sendemails/vendor/laravel/framework/src/Illuminate/Queue/Console/WorkCommand.php(116): Illuminate\\Queue\\Worker->daemon()\n#20 /home/scandiweb/myProjects/sendemails/vendor/laravel/framework/src/Illuminate/Queue/Console/WorkCommand.php(100): Illuminate\\Queue\\Console\\WorkCommand->runWorker()\n#21 /home/scandiweb/myProjects/sendemails/vendor/laravel/framework/src/Illuminate/Container/BoundMethod.php(36): Illuminate\\Queue\\Console\\WorkCommand->handle()\n#22 /home/scandiweb/myProjects/sendemails/vendor/laravel/framework/src/Illuminate/Container/Util.php(40): Illuminate\\Container\\BoundMethod::Illuminate\\Container\\{closure}()\n#23 /home/scandiweb/myProjects/sendemails/vendor/laravel/framework/src/Illuminate/Container/BoundMethod.php(93): Illuminate\\Container\\Util::unwrapIfClosure()\n#24 /home/scandiweb/myProjects/sendemails/vendor/laravel/framework/src/Illuminate/Container/BoundMethod.php(35): Illuminate\\Container\\BoundMethod::callBoundMethod()\n#25 /home/scandiweb/myProjects/sendemails/vendor/laravel/framework/src/Illuminate/Container/Container.php(653): Illuminate\\Container\\BoundMethod::call()\n#26 /home/scandiweb/myProjects/sendemails/vendor/laravel/framework/src/Illuminate/Console/Command.php(136): Illuminate\\Container\\Container->call()\n#27 /home/scandiweb/myProjects/sendemails/vendor/symfony/console/Command/Command.php(298): Illuminate\\Console\\Command->execute()\n#28 /home/scandiweb/myProjects/sendemails/vendor/laravel/framework/src/Illuminate/Console/Command.php(120): Symfony\\Component\\Console\\Command\\Command->run()\n#29 /home/scandiweb/myProjects/sendemails/vendor/symfony/console/Application.php(1040): Illuminate\\Console\\Command->run()\n#30 /home/scandiweb/myProjects/sendemails/vendor/symfony/console/Application.php(301): Symfony\\Component\\Console\\Application->doRunCommand()\n#31 /home/scandiweb/myProjects/sendemails/vendor/symfony/console/Application.php(171): Symfony\\Component\\Console\\Application->doRun()\n#32 /home/scandiweb/myProjects/sendemails/vendor/laravel/framework/src/Illuminate/Console/Application.php(94): Symfony\\Component\\Console\\Application->run()\n#33 /home/scandiweb/myProjects/sendemails/vendor/laravel/framework/src/Illuminate/Foundation/Console/Kernel.php(129): Illuminate\\Console\\Application->run()\n#34 /home/scandiweb/myProjects/sendemails/artisan(35): Illuminate\\Foundation\\Console\\Kernel->handle()\n#35 {main}', '2023-08-14 19:19:54'),
(3, 'de536c93-4f3a-4a6b-aef5-08541329ec69', 'database', 'default', '{\"uuid\":\"de536c93-4f3a-4a6b-aef5-08541329ec69\",\"displayName\":\"App\\\\Jobs\\\\SendGroupEmail\",\"job\":\"Illuminate\\\\Queue\\\\CallQueuedHandler@call\",\"maxTries\":null,\"maxExceptions\":null,\"failOnTimeout\":false,\"backoff\":null,\"timeout\":null,\"retryUntil\":null,\"data\":{\"commandName\":\"App\\\\Jobs\\\\SendGroupEmail\",\"command\":\"O:23:\\\"App\\\\Jobs\\\\SendGroupEmail\\\":12:{s:8:\\\"\\u0000*\\u0000group\\\";O:45:\\\"Illuminate\\\\Contracts\\\\Database\\\\ModelIdentifier\\\":4:{s:5:\\\"class\\\";s:24:\\\"App\\\\Models\\\\CustomerGroup\\\";s:2:\\\"id\\\";i:5;s:9:\\\"relations\\\";a:0:{}s:10:\\\"connection\\\";s:5:\\\"mysql\\\";}s:11:\\\"\\u0000*\\u0000template\\\";O:45:\\\"Illuminate\\\\Contracts\\\\Database\\\\ModelIdentifier\\\":4:{s:5:\\\"class\\\";s:24:\\\"App\\\\Models\\\\EmailTemplate\\\";s:2:\\\"id\\\";i:1;s:9:\\\"relations\\\";a:0:{}s:10:\\\"connection\\\";s:5:\\\"mysql\\\";}s:3:\\\"job\\\";N;s:10:\\\"connection\\\";N;s:5:\\\"queue\\\";N;s:15:\\\"chainConnection\\\";N;s:10:\\\"chainQueue\\\";N;s:19:\\\"chainCatchCallbacks\\\";N;s:5:\\\"delay\\\";O:13:\\\"Carbon\\\\Carbon\\\":3:{s:4:\\\"date\\\";s:26:\\\"2023-08-14 20:50:21.436555\\\";s:13:\\\"timezone_type\\\";i:3;s:8:\\\"timezone\\\";s:3:\\\"UTC\\\";}s:11:\\\"afterCommit\\\";N;s:10:\\\"middleware\\\";a:0:{}s:7:\\\"chained\\\";a:0:{}}\"}}', 'ErrorException: Attempt to read property \"customers\" on null in /home/scandiweb/myProjects/sendemails/app/Jobs/SendGroupEmail.php:45\nStack trace:\n#0 /home/scandiweb/myProjects/sendemails/app/Jobs/SendGroupEmail.php(45): Illuminate\\Foundation\\Bootstrap\\HandleExceptions->handleError()\n#1 /home/scandiweb/myProjects/sendemails/vendor/laravel/framework/src/Illuminate/Container/BoundMethod.php(36): App\\Jobs\\SendGroupEmail->handle()\n#2 /home/scandiweb/myProjects/sendemails/vendor/laravel/framework/src/Illuminate/Container/Util.php(40): Illuminate\\Container\\BoundMethod::Illuminate\\Container\\{closure}()\n#3 /home/scandiweb/myProjects/sendemails/vendor/laravel/framework/src/Illuminate/Container/BoundMethod.php(93): Illuminate\\Container\\Util::unwrapIfClosure()\n#4 /home/scandiweb/myProjects/sendemails/vendor/laravel/framework/src/Illuminate/Container/BoundMethod.php(35): Illuminate\\Container\\BoundMethod::callBoundMethod()\n#5 /home/scandiweb/myProjects/sendemails/vendor/laravel/framework/src/Illuminate/Container/Container.php(653): Illuminate\\Container\\BoundMethod::call()\n#6 /home/scandiweb/myProjects/sendemails/vendor/laravel/framework/src/Illuminate/Bus/Dispatcher.php(128): Illuminate\\Container\\Container->call()\n#7 /home/scandiweb/myProjects/sendemails/vendor/laravel/framework/src/Illuminate/Pipeline/Pipeline.php(128): Illuminate\\Bus\\Dispatcher->Illuminate\\Bus\\{closure}()\n#8 /home/scandiweb/myProjects/sendemails/vendor/laravel/framework/src/Illuminate/Pipeline/Pipeline.php(103): Illuminate\\Pipeline\\Pipeline->Illuminate\\Pipeline\\{closure}()\n#9 /home/scandiweb/myProjects/sendemails/vendor/laravel/framework/src/Illuminate/Bus/Dispatcher.php(132): Illuminate\\Pipeline\\Pipeline->then()\n#10 /home/scandiweb/myProjects/sendemails/vendor/laravel/framework/src/Illuminate/Queue/CallQueuedHandler.php(119): Illuminate\\Bus\\Dispatcher->dispatchNow()\n#11 /home/scandiweb/myProjects/sendemails/vendor/laravel/framework/src/Illuminate/Pipeline/Pipeline.php(128): Illuminate\\Queue\\CallQueuedHandler->Illuminate\\Queue\\{closure}()\n#12 /home/scandiweb/myProjects/sendemails/vendor/laravel/framework/src/Illuminate/Pipeline/Pipeline.php(103): Illuminate\\Pipeline\\Pipeline->Illuminate\\Pipeline\\{closure}()\n#13 /home/scandiweb/myProjects/sendemails/vendor/laravel/framework/src/Illuminate/Queue/CallQueuedHandler.php(118): Illuminate\\Pipeline\\Pipeline->then()\n#14 /home/scandiweb/myProjects/sendemails/vendor/laravel/framework/src/Illuminate/Queue/CallQueuedHandler.php(70): Illuminate\\Queue\\CallQueuedHandler->dispatchThroughMiddleware()\n#15 /home/scandiweb/myProjects/sendemails/vendor/laravel/framework/src/Illuminate/Queue/Jobs/Job.php(98): Illuminate\\Queue\\CallQueuedHandler->call()\n#16 /home/scandiweb/myProjects/sendemails/vendor/laravel/framework/src/Illuminate/Queue/Worker.php(428): Illuminate\\Queue\\Jobs\\Job->fire()\n#17 /home/scandiweb/myProjects/sendemails/vendor/laravel/framework/src/Illuminate/Queue/Worker.php(378): Illuminate\\Queue\\Worker->process()\n#18 /home/scandiweb/myProjects/sendemails/vendor/laravel/framework/src/Illuminate/Queue/Worker.php(172): Illuminate\\Queue\\Worker->runJob()\n#19 /home/scandiweb/myProjects/sendemails/vendor/laravel/framework/src/Illuminate/Queue/Console/WorkCommand.php(116): Illuminate\\Queue\\Worker->daemon()\n#20 /home/scandiweb/myProjects/sendemails/vendor/laravel/framework/src/Illuminate/Queue/Console/WorkCommand.php(100): Illuminate\\Queue\\Console\\WorkCommand->runWorker()\n#21 /home/scandiweb/myProjects/sendemails/vendor/laravel/framework/src/Illuminate/Container/BoundMethod.php(36): Illuminate\\Queue\\Console\\WorkCommand->handle()\n#22 /home/scandiweb/myProjects/sendemails/vendor/laravel/framework/src/Illuminate/Container/Util.php(40): Illuminate\\Container\\BoundMethod::Illuminate\\Container\\{closure}()\n#23 /home/scandiweb/myProjects/sendemails/vendor/laravel/framework/src/Illuminate/Container/BoundMethod.php(93): Illuminate\\Container\\Util::unwrapIfClosure()\n#24 /home/scandiweb/myProjects/sendemails/vendor/laravel/framework/src/Illuminate/Container/BoundMethod.php(35): Illuminate\\Container\\BoundMethod::callBoundMethod()\n#25 /home/scandiweb/myProjects/sendemails/vendor/laravel/framework/src/Illuminate/Container/Container.php(653): Illuminate\\Container\\BoundMethod::call()\n#26 /home/scandiweb/myProjects/sendemails/vendor/laravel/framework/src/Illuminate/Console/Command.php(136): Illuminate\\Container\\Container->call()\n#27 /home/scandiweb/myProjects/sendemails/vendor/symfony/console/Command/Command.php(298): Illuminate\\Console\\Command->execute()\n#28 /home/scandiweb/myProjects/sendemails/vendor/laravel/framework/src/Illuminate/Console/Command.php(120): Symfony\\Component\\Console\\Command\\Command->run()\n#29 /home/scandiweb/myProjects/sendemails/vendor/symfony/console/Application.php(1040): Illuminate\\Console\\Command->run()\n#30 /home/scandiweb/myProjects/sendemails/vendor/symfony/console/Application.php(301): Symfony\\Component\\Console\\Application->doRunCommand()\n#31 /home/scandiweb/myProjects/sendemails/vendor/symfony/console/Application.php(171): Symfony\\Component\\Console\\Application->doRun()\n#32 /home/scandiweb/myProjects/sendemails/vendor/laravel/framework/src/Illuminate/Console/Application.php(94): Symfony\\Component\\Console\\Application->run()\n#33 /home/scandiweb/myProjects/sendemails/vendor/laravel/framework/src/Illuminate/Foundation/Console/Kernel.php(129): Illuminate\\Console\\Application->run()\n#34 /home/scandiweb/myProjects/sendemails/artisan(35): Illuminate\\Foundation\\Console\\Kernel->handle()\n#35 {main}', '2023-08-14 19:50:21'),
(4, 'b2870efc-42f9-4fa7-a762-2bb8f9001ff6', 'database', 'default', '{\"uuid\":\"b2870efc-42f9-4fa7-a762-2bb8f9001ff6\",\"displayName\":\"App\\\\Jobs\\\\SendGroupEmail\",\"job\":\"Illuminate\\\\Queue\\\\CallQueuedHandler@call\",\"maxTries\":null,\"maxExceptions\":null,\"failOnTimeout\":false,\"backoff\":null,\"timeout\":null,\"retryUntil\":null,\"data\":{\"commandName\":\"App\\\\Jobs\\\\SendGroupEmail\",\"command\":\"O:23:\\\"App\\\\Jobs\\\\SendGroupEmail\\\":12:{s:8:\\\"\\u0000*\\u0000group\\\";O:45:\\\"Illuminate\\\\Contracts\\\\Database\\\\ModelIdentifier\\\":4:{s:5:\\\"class\\\";s:24:\\\"App\\\\Models\\\\CustomerGroup\\\";s:2:\\\"id\\\";i:5;s:9:\\\"relations\\\";a:0:{}s:10:\\\"connection\\\";s:5:\\\"mysql\\\";}s:11:\\\"\\u0000*\\u0000template\\\";O:45:\\\"Illuminate\\\\Contracts\\\\Database\\\\ModelIdentifier\\\":4:{s:5:\\\"class\\\";s:24:\\\"App\\\\Models\\\\EmailTemplate\\\";s:2:\\\"id\\\";i:1;s:9:\\\"relations\\\";a:0:{}s:10:\\\"connection\\\";s:5:\\\"mysql\\\";}s:3:\\\"job\\\";N;s:10:\\\"connection\\\";N;s:5:\\\"queue\\\";N;s:15:\\\"chainConnection\\\";N;s:10:\\\"chainQueue\\\";N;s:19:\\\"chainCatchCallbacks\\\";N;s:5:\\\"delay\\\";O:13:\\\"Carbon\\\\Carbon\\\":3:{s:4:\\\"date\\\";s:26:\\\"2023-08-14 20:51:05.848108\\\";s:13:\\\"timezone_type\\\";i:3;s:8:\\\"timezone\\\";s:3:\\\"UTC\\\";}s:11:\\\"afterCommit\\\";N;s:10:\\\"middleware\\\";a:0:{}s:7:\\\"chained\\\";a:0:{}}\"}}', 'ErrorException: Attempt to read property \"customers\" on null in /home/scandiweb/myProjects/sendemails/app/Jobs/SendGroupEmail.php:45\nStack trace:\n#0 /home/scandiweb/myProjects/sendemails/app/Jobs/SendGroupEmail.php(45): Illuminate\\Foundation\\Bootstrap\\HandleExceptions->handleError()\n#1 /home/scandiweb/myProjects/sendemails/vendor/laravel/framework/src/Illuminate/Container/BoundMethod.php(36): App\\Jobs\\SendGroupEmail->handle()\n#2 /home/scandiweb/myProjects/sendemails/vendor/laravel/framework/src/Illuminate/Container/Util.php(40): Illuminate\\Container\\BoundMethod::Illuminate\\Container\\{closure}()\n#3 /home/scandiweb/myProjects/sendemails/vendor/laravel/framework/src/Illuminate/Container/BoundMethod.php(93): Illuminate\\Container\\Util::unwrapIfClosure()\n#4 /home/scandiweb/myProjects/sendemails/vendor/laravel/framework/src/Illuminate/Container/BoundMethod.php(35): Illuminate\\Container\\BoundMethod::callBoundMethod()\n#5 /home/scandiweb/myProjects/sendemails/vendor/laravel/framework/src/Illuminate/Container/Container.php(653): Illuminate\\Container\\BoundMethod::call()\n#6 /home/scandiweb/myProjects/sendemails/vendor/laravel/framework/src/Illuminate/Bus/Dispatcher.php(128): Illuminate\\Container\\Container->call()\n#7 /home/scandiweb/myProjects/sendemails/vendor/laravel/framework/src/Illuminate/Pipeline/Pipeline.php(128): Illuminate\\Bus\\Dispatcher->Illuminate\\Bus\\{closure}()\n#8 /home/scandiweb/myProjects/sendemails/vendor/laravel/framework/src/Illuminate/Pipeline/Pipeline.php(103): Illuminate\\Pipeline\\Pipeline->Illuminate\\Pipeline\\{closure}()\n#9 /home/scandiweb/myProjects/sendemails/vendor/laravel/framework/src/Illuminate/Bus/Dispatcher.php(132): Illuminate\\Pipeline\\Pipeline->then()\n#10 /home/scandiweb/myProjects/sendemails/vendor/laravel/framework/src/Illuminate/Queue/CallQueuedHandler.php(119): Illuminate\\Bus\\Dispatcher->dispatchNow()\n#11 /home/scandiweb/myProjects/sendemails/vendor/laravel/framework/src/Illuminate/Pipeline/Pipeline.php(128): Illuminate\\Queue\\CallQueuedHandler->Illuminate\\Queue\\{closure}()\n#12 /home/scandiweb/myProjects/sendemails/vendor/laravel/framework/src/Illuminate/Pipeline/Pipeline.php(103): Illuminate\\Pipeline\\Pipeline->Illuminate\\Pipeline\\{closure}()\n#13 /home/scandiweb/myProjects/sendemails/vendor/laravel/framework/src/Illuminate/Queue/CallQueuedHandler.php(118): Illuminate\\Pipeline\\Pipeline->then()\n#14 /home/scandiweb/myProjects/sendemails/vendor/laravel/framework/src/Illuminate/Queue/CallQueuedHandler.php(70): Illuminate\\Queue\\CallQueuedHandler->dispatchThroughMiddleware()\n#15 /home/scandiweb/myProjects/sendemails/vendor/laravel/framework/src/Illuminate/Queue/Jobs/Job.php(98): Illuminate\\Queue\\CallQueuedHandler->call()\n#16 /home/scandiweb/myProjects/sendemails/vendor/laravel/framework/src/Illuminate/Queue/Worker.php(428): Illuminate\\Queue\\Jobs\\Job->fire()\n#17 /home/scandiweb/myProjects/sendemails/vendor/laravel/framework/src/Illuminate/Queue/Worker.php(378): Illuminate\\Queue\\Worker->process()\n#18 /home/scandiweb/myProjects/sendemails/vendor/laravel/framework/src/Illuminate/Queue/Worker.php(172): Illuminate\\Queue\\Worker->runJob()\n#19 /home/scandiweb/myProjects/sendemails/vendor/laravel/framework/src/Illuminate/Queue/Console/WorkCommand.php(116): Illuminate\\Queue\\Worker->daemon()\n#20 /home/scandiweb/myProjects/sendemails/vendor/laravel/framework/src/Illuminate/Queue/Console/WorkCommand.php(100): Illuminate\\Queue\\Console\\WorkCommand->runWorker()\n#21 /home/scandiweb/myProjects/sendemails/vendor/laravel/framework/src/Illuminate/Container/BoundMethod.php(36): Illuminate\\Queue\\Console\\WorkCommand->handle()\n#22 /home/scandiweb/myProjects/sendemails/vendor/laravel/framework/src/Illuminate/Container/Util.php(40): Illuminate\\Container\\BoundMethod::Illuminate\\Container\\{closure}()\n#23 /home/scandiweb/myProjects/sendemails/vendor/laravel/framework/src/Illuminate/Container/BoundMethod.php(93): Illuminate\\Container\\Util::unwrapIfClosure()\n#24 /home/scandiweb/myProjects/sendemails/vendor/laravel/framework/src/Illuminate/Container/BoundMethod.php(35): Illuminate\\Container\\BoundMethod::callBoundMethod()\n#25 /home/scandiweb/myProjects/sendemails/vendor/laravel/framework/src/Illuminate/Container/Container.php(653): Illuminate\\Container\\BoundMethod::call()\n#26 /home/scandiweb/myProjects/sendemails/vendor/laravel/framework/src/Illuminate/Console/Command.php(136): Illuminate\\Container\\Container->call()\n#27 /home/scandiweb/myProjects/sendemails/vendor/symfony/console/Command/Command.php(298): Illuminate\\Console\\Command->execute()\n#28 /home/scandiweb/myProjects/sendemails/vendor/laravel/framework/src/Illuminate/Console/Command.php(120): Symfony\\Component\\Console\\Command\\Command->run()\n#29 /home/scandiweb/myProjects/sendemails/vendor/symfony/console/Application.php(1040): Illuminate\\Console\\Command->run()\n#30 /home/scandiweb/myProjects/sendemails/vendor/symfony/console/Application.php(301): Symfony\\Component\\Console\\Application->doRunCommand()\n#31 /home/scandiweb/myProjects/sendemails/vendor/symfony/console/Application.php(171): Symfony\\Component\\Console\\Application->doRun()\n#32 /home/scandiweb/myProjects/sendemails/vendor/laravel/framework/src/Illuminate/Console/Application.php(94): Symfony\\Component\\Console\\Application->run()\n#33 /home/scandiweb/myProjects/sendemails/vendor/laravel/framework/src/Illuminate/Foundation/Console/Kernel.php(129): Illuminate\\Console\\Application->run()\n#34 /home/scandiweb/myProjects/sendemails/artisan(35): Illuminate\\Foundation\\Console\\Kernel->handle()\n#35 {main}', '2023-08-14 19:51:06'),
(5, 'c6eecbdc-9dbd-47f6-8c1d-0f8ecbec6188', 'database', 'default', '{\"uuid\":\"c6eecbdc-9dbd-47f6-8c1d-0f8ecbec6188\",\"displayName\":\"App\\\\Jobs\\\\SendGroupEmail\",\"job\":\"Illuminate\\\\Queue\\\\CallQueuedHandler@call\",\"maxTries\":null,\"maxExceptions\":null,\"failOnTimeout\":false,\"backoff\":null,\"timeout\":null,\"retryUntil\":null,\"data\":{\"commandName\":\"App\\\\Jobs\\\\SendGroupEmail\",\"command\":\"O:23:\\\"App\\\\Jobs\\\\SendGroupEmail\\\":12:{s:8:\\\"\\u0000*\\u0000group\\\";O:45:\\\"Illuminate\\\\Contracts\\\\Database\\\\ModelIdentifier\\\":4:{s:5:\\\"class\\\";s:24:\\\"App\\\\Models\\\\CustomerGroup\\\";s:2:\\\"id\\\";i:5;s:9:\\\"relations\\\";a:0:{}s:10:\\\"connection\\\";s:5:\\\"mysql\\\";}s:11:\\\"\\u0000*\\u0000template\\\";O:45:\\\"Illuminate\\\\Contracts\\\\Database\\\\ModelIdentifier\\\":4:{s:5:\\\"class\\\";s:24:\\\"App\\\\Models\\\\EmailTemplate\\\";s:2:\\\"id\\\";i:1;s:9:\\\"relations\\\";a:0:{}s:10:\\\"connection\\\";s:5:\\\"mysql\\\";}s:3:\\\"job\\\";N;s:10:\\\"connection\\\";N;s:5:\\\"queue\\\";N;s:15:\\\"chainConnection\\\";N;s:10:\\\"chainQueue\\\";N;s:19:\\\"chainCatchCallbacks\\\";N;s:5:\\\"delay\\\";N;s:11:\\\"afterCommit\\\";N;s:10:\\\"middleware\\\";a:0:{}s:7:\\\"chained\\\";a:0:{}}\"}}', 'ErrorException: Attempt to read property \"customers\" on null in /home/scandiweb/myProjects/sendemails/app/Jobs/SendGroupEmail.php:45\nStack trace:\n#0 /home/scandiweb/myProjects/sendemails/app/Jobs/SendGroupEmail.php(45): Illuminate\\Foundation\\Bootstrap\\HandleExceptions->handleError()\n#1 /home/scandiweb/myProjects/sendemails/vendor/laravel/framework/src/Illuminate/Container/BoundMethod.php(36): App\\Jobs\\SendGroupEmail->handle()\n#2 /home/scandiweb/myProjects/sendemails/vendor/laravel/framework/src/Illuminate/Container/Util.php(40): Illuminate\\Container\\BoundMethod::Illuminate\\Container\\{closure}()\n#3 /home/scandiweb/myProjects/sendemails/vendor/laravel/framework/src/Illuminate/Container/BoundMethod.php(93): Illuminate\\Container\\Util::unwrapIfClosure()\n#4 /home/scandiweb/myProjects/sendemails/vendor/laravel/framework/src/Illuminate/Container/BoundMethod.php(35): Illuminate\\Container\\BoundMethod::callBoundMethod()\n#5 /home/scandiweb/myProjects/sendemails/vendor/laravel/framework/src/Illuminate/Container/Container.php(653): Illuminate\\Container\\BoundMethod::call()\n#6 /home/scandiweb/myProjects/sendemails/vendor/laravel/framework/src/Illuminate/Bus/Dispatcher.php(128): Illuminate\\Container\\Container->call()\n#7 /home/scandiweb/myProjects/sendemails/vendor/laravel/framework/src/Illuminate/Pipeline/Pipeline.php(128): Illuminate\\Bus\\Dispatcher->Illuminate\\Bus\\{closure}()\n#8 /home/scandiweb/myProjects/sendemails/vendor/laravel/framework/src/Illuminate/Pipeline/Pipeline.php(103): Illuminate\\Pipeline\\Pipeline->Illuminate\\Pipeline\\{closure}()\n#9 /home/scandiweb/myProjects/sendemails/vendor/laravel/framework/src/Illuminate/Bus/Dispatcher.php(132): Illuminate\\Pipeline\\Pipeline->then()\n#10 /home/scandiweb/myProjects/sendemails/vendor/laravel/framework/src/Illuminate/Queue/CallQueuedHandler.php(119): Illuminate\\Bus\\Dispatcher->dispatchNow()\n#11 /home/scandiweb/myProjects/sendemails/vendor/laravel/framework/src/Illuminate/Pipeline/Pipeline.php(128): Illuminate\\Queue\\CallQueuedHandler->Illuminate\\Queue\\{closure}()\n#12 /home/scandiweb/myProjects/sendemails/vendor/laravel/framework/src/Illuminate/Pipeline/Pipeline.php(103): Illuminate\\Pipeline\\Pipeline->Illuminate\\Pipeline\\{closure}()\n#13 /home/scandiweb/myProjects/sendemails/vendor/laravel/framework/src/Illuminate/Queue/CallQueuedHandler.php(118): Illuminate\\Pipeline\\Pipeline->then()\n#14 /home/scandiweb/myProjects/sendemails/vendor/laravel/framework/src/Illuminate/Queue/CallQueuedHandler.php(70): Illuminate\\Queue\\CallQueuedHandler->dispatchThroughMiddleware()\n#15 /home/scandiweb/myProjects/sendemails/vendor/laravel/framework/src/Illuminate/Queue/Jobs/Job.php(98): Illuminate\\Queue\\CallQueuedHandler->call()\n#16 /home/scandiweb/myProjects/sendemails/vendor/laravel/framework/src/Illuminate/Queue/Worker.php(428): Illuminate\\Queue\\Jobs\\Job->fire()\n#17 /home/scandiweb/myProjects/sendemails/vendor/laravel/framework/src/Illuminate/Queue/Worker.php(378): Illuminate\\Queue\\Worker->process()\n#18 /home/scandiweb/myProjects/sendemails/vendor/laravel/framework/src/Illuminate/Queue/Worker.php(172): Illuminate\\Queue\\Worker->runJob()\n#19 /home/scandiweb/myProjects/sendemails/vendor/laravel/framework/src/Illuminate/Queue/Console/WorkCommand.php(116): Illuminate\\Queue\\Worker->daemon()\n#20 /home/scandiweb/myProjects/sendemails/vendor/laravel/framework/src/Illuminate/Queue/Console/WorkCommand.php(100): Illuminate\\Queue\\Console\\WorkCommand->runWorker()\n#21 /home/scandiweb/myProjects/sendemails/vendor/laravel/framework/src/Illuminate/Container/BoundMethod.php(36): Illuminate\\Queue\\Console\\WorkCommand->handle()\n#22 /home/scandiweb/myProjects/sendemails/vendor/laravel/framework/src/Illuminate/Container/Util.php(40): Illuminate\\Container\\BoundMethod::Illuminate\\Container\\{closure}()\n#23 /home/scandiweb/myProjects/sendemails/vendor/laravel/framework/src/Illuminate/Container/BoundMethod.php(93): Illuminate\\Container\\Util::unwrapIfClosure()\n#24 /home/scandiweb/myProjects/sendemails/vendor/laravel/framework/src/Illuminate/Container/BoundMethod.php(35): Illuminate\\Container\\BoundMethod::callBoundMethod()\n#25 /home/scandiweb/myProjects/sendemails/vendor/laravel/framework/src/Illuminate/Container/Container.php(653): Illuminate\\Container\\BoundMethod::call()\n#26 /home/scandiweb/myProjects/sendemails/vendor/laravel/framework/src/Illuminate/Console/Command.php(136): Illuminate\\Container\\Container->call()\n#27 /home/scandiweb/myProjects/sendemails/vendor/symfony/console/Command/Command.php(298): Illuminate\\Console\\Command->execute()\n#28 /home/scandiweb/myProjects/sendemails/vendor/laravel/framework/src/Illuminate/Console/Command.php(120): Symfony\\Component\\Console\\Command\\Command->run()\n#29 /home/scandiweb/myProjects/sendemails/vendor/symfony/console/Application.php(1040): Illuminate\\Console\\Command->run()\n#30 /home/scandiweb/myProjects/sendemails/vendor/symfony/console/Application.php(301): Symfony\\Component\\Console\\Application->doRunCommand()\n#31 /home/scandiweb/myProjects/sendemails/vendor/symfony/console/Application.php(171): Symfony\\Component\\Console\\Application->doRun()\n#32 /home/scandiweb/myProjects/sendemails/vendor/laravel/framework/src/Illuminate/Console/Application.php(94): Symfony\\Component\\Console\\Application->run()\n#33 /home/scandiweb/myProjects/sendemails/vendor/laravel/framework/src/Illuminate/Foundation/Console/Kernel.php(129): Illuminate\\Console\\Application->run()\n#34 /home/scandiweb/myProjects/sendemails/artisan(35): Illuminate\\Foundation\\Console\\Kernel->handle()\n#35 {main}', '2023-08-14 19:52:25'),
(6, '9a87a994-73bd-469a-ac87-e3f4962d3c79', 'database', 'default', '{\"uuid\":\"9a87a994-73bd-469a-ac87-e3f4962d3c79\",\"displayName\":\"App\\\\Jobs\\\\SendGroupEmail\",\"job\":\"Illuminate\\\\Queue\\\\CallQueuedHandler@call\",\"maxTries\":null,\"maxExceptions\":null,\"failOnTimeout\":false,\"backoff\":null,\"timeout\":null,\"retryUntil\":null,\"data\":{\"commandName\":\"App\\\\Jobs\\\\SendGroupEmail\",\"command\":\"O:23:\\\"App\\\\Jobs\\\\SendGroupEmail\\\":12:{s:8:\\\"\\u0000*\\u0000group\\\";O:45:\\\"Illuminate\\\\Contracts\\\\Database\\\\ModelIdentifier\\\":4:{s:5:\\\"class\\\";s:24:\\\"App\\\\Models\\\\CustomerGroup\\\";s:2:\\\"id\\\";i:5;s:9:\\\"relations\\\";a:0:{}s:10:\\\"connection\\\";s:5:\\\"mysql\\\";}s:11:\\\"\\u0000*\\u0000template\\\";O:45:\\\"Illuminate\\\\Contracts\\\\Database\\\\ModelIdentifier\\\":4:{s:5:\\\"class\\\";s:24:\\\"App\\\\Models\\\\EmailTemplate\\\";s:2:\\\"id\\\";i:1;s:9:\\\"relations\\\";a:0:{}s:10:\\\"connection\\\";s:5:\\\"mysql\\\";}s:3:\\\"job\\\";N;s:10:\\\"connection\\\";N;s:5:\\\"queue\\\";N;s:15:\\\"chainConnection\\\";N;s:10:\\\"chainQueue\\\";N;s:19:\\\"chainCatchCallbacks\\\";N;s:5:\\\"delay\\\";N;s:11:\\\"afterCommit\\\";N;s:10:\\\"middleware\\\";a:0:{}s:7:\\\"chained\\\";a:0:{}}\"}}', 'ErrorException: Attempt to read property \"customers\" on null in /home/scandiweb/myProjects/sendemails/app/Jobs/SendGroupEmail.php:45\nStack trace:\n#0 /home/scandiweb/myProjects/sendemails/app/Jobs/SendGroupEmail.php(45): Illuminate\\Foundation\\Bootstrap\\HandleExceptions->handleError()\n#1 /home/scandiweb/myProjects/sendemails/vendor/laravel/framework/src/Illuminate/Container/BoundMethod.php(36): App\\Jobs\\SendGroupEmail->handle()\n#2 /home/scandiweb/myProjects/sendemails/vendor/laravel/framework/src/Illuminate/Container/Util.php(40): Illuminate\\Container\\BoundMethod::Illuminate\\Container\\{closure}()\n#3 /home/scandiweb/myProjects/sendemails/vendor/laravel/framework/src/Illuminate/Container/BoundMethod.php(93): Illuminate\\Container\\Util::unwrapIfClosure()\n#4 /home/scandiweb/myProjects/sendemails/vendor/laravel/framework/src/Illuminate/Container/BoundMethod.php(35): Illuminate\\Container\\BoundMethod::callBoundMethod()\n#5 /home/scandiweb/myProjects/sendemails/vendor/laravel/framework/src/Illuminate/Container/Container.php(653): Illuminate\\Container\\BoundMethod::call()\n#6 /home/scandiweb/myProjects/sendemails/vendor/laravel/framework/src/Illuminate/Bus/Dispatcher.php(128): Illuminate\\Container\\Container->call()\n#7 /home/scandiweb/myProjects/sendemails/vendor/laravel/framework/src/Illuminate/Pipeline/Pipeline.php(128): Illuminate\\Bus\\Dispatcher->Illuminate\\Bus\\{closure}()\n#8 /home/scandiweb/myProjects/sendemails/vendor/laravel/framework/src/Illuminate/Pipeline/Pipeline.php(103): Illuminate\\Pipeline\\Pipeline->Illuminate\\Pipeline\\{closure}()\n#9 /home/scandiweb/myProjects/sendemails/vendor/laravel/framework/src/Illuminate/Bus/Dispatcher.php(132): Illuminate\\Pipeline\\Pipeline->then()\n#10 /home/scandiweb/myProjects/sendemails/vendor/laravel/framework/src/Illuminate/Queue/CallQueuedHandler.php(119): Illuminate\\Bus\\Dispatcher->dispatchNow()\n#11 /home/scandiweb/myProjects/sendemails/vendor/laravel/framework/src/Illuminate/Pipeline/Pipeline.php(128): Illuminate\\Queue\\CallQueuedHandler->Illuminate\\Queue\\{closure}()\n#12 /home/scandiweb/myProjects/sendemails/vendor/laravel/framework/src/Illuminate/Pipeline/Pipeline.php(103): Illuminate\\Pipeline\\Pipeline->Illuminate\\Pipeline\\{closure}()\n#13 /home/scandiweb/myProjects/sendemails/vendor/laravel/framework/src/Illuminate/Queue/CallQueuedHandler.php(118): Illuminate\\Pipeline\\Pipeline->then()\n#14 /home/scandiweb/myProjects/sendemails/vendor/laravel/framework/src/Illuminate/Queue/CallQueuedHandler.php(70): Illuminate\\Queue\\CallQueuedHandler->dispatchThroughMiddleware()\n#15 /home/scandiweb/myProjects/sendemails/vendor/laravel/framework/src/Illuminate/Queue/Jobs/Job.php(98): Illuminate\\Queue\\CallQueuedHandler->call()\n#16 /home/scandiweb/myProjects/sendemails/vendor/laravel/framework/src/Illuminate/Queue/Worker.php(428): Illuminate\\Queue\\Jobs\\Job->fire()\n#17 /home/scandiweb/myProjects/sendemails/vendor/laravel/framework/src/Illuminate/Queue/Worker.php(378): Illuminate\\Queue\\Worker->process()\n#18 /home/scandiweb/myProjects/sendemails/vendor/laravel/framework/src/Illuminate/Queue/Worker.php(172): Illuminate\\Queue\\Worker->runJob()\n#19 /home/scandiweb/myProjects/sendemails/vendor/laravel/framework/src/Illuminate/Queue/Console/WorkCommand.php(116): Illuminate\\Queue\\Worker->daemon()\n#20 /home/scandiweb/myProjects/sendemails/vendor/laravel/framework/src/Illuminate/Queue/Console/WorkCommand.php(100): Illuminate\\Queue\\Console\\WorkCommand->runWorker()\n#21 /home/scandiweb/myProjects/sendemails/vendor/laravel/framework/src/Illuminate/Container/BoundMethod.php(36): Illuminate\\Queue\\Console\\WorkCommand->handle()\n#22 /home/scandiweb/myProjects/sendemails/vendor/laravel/framework/src/Illuminate/Container/Util.php(40): Illuminate\\Container\\BoundMethod::Illuminate\\Container\\{closure}()\n#23 /home/scandiweb/myProjects/sendemails/vendor/laravel/framework/src/Illuminate/Container/BoundMethod.php(93): Illuminate\\Container\\Util::unwrapIfClosure()\n#24 /home/scandiweb/myProjects/sendemails/vendor/laravel/framework/src/Illuminate/Container/BoundMethod.php(35): Illuminate\\Container\\BoundMethod::callBoundMethod()\n#25 /home/scandiweb/myProjects/sendemails/vendor/laravel/framework/src/Illuminate/Container/Container.php(653): Illuminate\\Container\\BoundMethod::call()\n#26 /home/scandiweb/myProjects/sendemails/vendor/laravel/framework/src/Illuminate/Console/Command.php(136): Illuminate\\Container\\Container->call()\n#27 /home/scandiweb/myProjects/sendemails/vendor/symfony/console/Command/Command.php(298): Illuminate\\Console\\Command->execute()\n#28 /home/scandiweb/myProjects/sendemails/vendor/laravel/framework/src/Illuminate/Console/Command.php(120): Symfony\\Component\\Console\\Command\\Command->run()\n#29 /home/scandiweb/myProjects/sendemails/vendor/symfony/console/Application.php(1040): Illuminate\\Console\\Command->run()\n#30 /home/scandiweb/myProjects/sendemails/vendor/symfony/console/Application.php(301): Symfony\\Component\\Console\\Application->doRunCommand()\n#31 /home/scandiweb/myProjects/sendemails/vendor/symfony/console/Application.php(171): Symfony\\Component\\Console\\Application->doRun()\n#32 /home/scandiweb/myProjects/sendemails/vendor/laravel/framework/src/Illuminate/Console/Application.php(94): Symfony\\Component\\Console\\Application->run()\n#33 /home/scandiweb/myProjects/sendemails/vendor/laravel/framework/src/Illuminate/Foundation/Console/Kernel.php(129): Illuminate\\Console\\Application->run()\n#34 /home/scandiweb/myProjects/sendemails/artisan(35): Illuminate\\Foundation\\Console\\Kernel->handle()\n#35 {main}', '2023-08-14 19:56:46'),
(7, '873cd940-77f8-4a41-991c-be13af51ddc9', 'database', 'default', '{\"uuid\":\"873cd940-77f8-4a41-991c-be13af51ddc9\",\"displayName\":\"App\\\\Jobs\\\\SendGroupEmail\",\"job\":\"Illuminate\\\\Queue\\\\CallQueuedHandler@call\",\"maxTries\":null,\"maxExceptions\":null,\"failOnTimeout\":false,\"backoff\":null,\"timeout\":null,\"retryUntil\":null,\"data\":{\"commandName\":\"App\\\\Jobs\\\\SendGroupEmail\",\"command\":\"O:23:\\\"App\\\\Jobs\\\\SendGroupEmail\\\":12:{s:8:\\\"\\u0000*\\u0000group\\\";O:45:\\\"Illuminate\\\\Contracts\\\\Database\\\\ModelIdentifier\\\":4:{s:5:\\\"class\\\";s:24:\\\"App\\\\Models\\\\CustomerGroup\\\";s:2:\\\"id\\\";i:5;s:9:\\\"relations\\\";a:0:{}s:10:\\\"connection\\\";s:5:\\\"mysql\\\";}s:11:\\\"\\u0000*\\u0000template\\\";O:45:\\\"Illuminate\\\\Contracts\\\\Database\\\\ModelIdentifier\\\":4:{s:5:\\\"class\\\";s:24:\\\"App\\\\Models\\\\EmailTemplate\\\";s:2:\\\"id\\\";i:1;s:9:\\\"relations\\\";a:0:{}s:10:\\\"connection\\\";s:5:\\\"mysql\\\";}s:3:\\\"job\\\";N;s:10:\\\"connection\\\";N;s:5:\\\"queue\\\";N;s:15:\\\"chainConnection\\\";N;s:10:\\\"chainQueue\\\";N;s:19:\\\"chainCatchCallbacks\\\";N;s:5:\\\"delay\\\";N;s:11:\\\"afterCommit\\\";N;s:10:\\\"middleware\\\";a:0:{}s:7:\\\"chained\\\";a:0:{}}\"}}', 'ErrorException: Attempt to read property \"customers\" on null in /home/scandiweb/myProjects/sendemails/app/Jobs/SendGroupEmail.php:45\nStack trace:\n#0 /home/scandiweb/myProjects/sendemails/app/Jobs/SendGroupEmail.php(45): Illuminate\\Foundation\\Bootstrap\\HandleExceptions->handleError()\n#1 /home/scandiweb/myProjects/sendemails/vendor/laravel/framework/src/Illuminate/Container/BoundMethod.php(36): App\\Jobs\\SendGroupEmail->handle()\n#2 /home/scandiweb/myProjects/sendemails/vendor/laravel/framework/src/Illuminate/Container/Util.php(40): Illuminate\\Container\\BoundMethod::Illuminate\\Container\\{closure}()\n#3 /home/scandiweb/myProjects/sendemails/vendor/laravel/framework/src/Illuminate/Container/BoundMethod.php(93): Illuminate\\Container\\Util::unwrapIfClosure()\n#4 /home/scandiweb/myProjects/sendemails/vendor/laravel/framework/src/Illuminate/Container/BoundMethod.php(35): Illuminate\\Container\\BoundMethod::callBoundMethod()\n#5 /home/scandiweb/myProjects/sendemails/vendor/laravel/framework/src/Illuminate/Container/Container.php(653): Illuminate\\Container\\BoundMethod::call()\n#6 /home/scandiweb/myProjects/sendemails/vendor/laravel/framework/src/Illuminate/Bus/Dispatcher.php(128): Illuminate\\Container\\Container->call()\n#7 /home/scandiweb/myProjects/sendemails/vendor/laravel/framework/src/Illuminate/Pipeline/Pipeline.php(128): Illuminate\\Bus\\Dispatcher->Illuminate\\Bus\\{closure}()\n#8 /home/scandiweb/myProjects/sendemails/vendor/laravel/framework/src/Illuminate/Pipeline/Pipeline.php(103): Illuminate\\Pipeline\\Pipeline->Illuminate\\Pipeline\\{closure}()\n#9 /home/scandiweb/myProjects/sendemails/vendor/laravel/framework/src/Illuminate/Bus/Dispatcher.php(132): Illuminate\\Pipeline\\Pipeline->then()\n#10 /home/scandiweb/myProjects/sendemails/vendor/laravel/framework/src/Illuminate/Queue/CallQueuedHandler.php(119): Illuminate\\Bus\\Dispatcher->dispatchNow()\n#11 /home/scandiweb/myProjects/sendemails/vendor/laravel/framework/src/Illuminate/Pipeline/Pipeline.php(128): Illuminate\\Queue\\CallQueuedHandler->Illuminate\\Queue\\{closure}()\n#12 /home/scandiweb/myProjects/sendemails/vendor/laravel/framework/src/Illuminate/Pipeline/Pipeline.php(103): Illuminate\\Pipeline\\Pipeline->Illuminate\\Pipeline\\{closure}()\n#13 /home/scandiweb/myProjects/sendemails/vendor/laravel/framework/src/Illuminate/Queue/CallQueuedHandler.php(118): Illuminate\\Pipeline\\Pipeline->then()\n#14 /home/scandiweb/myProjects/sendemails/vendor/laravel/framework/src/Illuminate/Queue/CallQueuedHandler.php(70): Illuminate\\Queue\\CallQueuedHandler->dispatchThroughMiddleware()\n#15 /home/scandiweb/myProjects/sendemails/vendor/laravel/framework/src/Illuminate/Queue/Jobs/Job.php(98): Illuminate\\Queue\\CallQueuedHandler->call()\n#16 /home/scandiweb/myProjects/sendemails/vendor/laravel/framework/src/Illuminate/Queue/Worker.php(428): Illuminate\\Queue\\Jobs\\Job->fire()\n#17 /home/scandiweb/myProjects/sendemails/vendor/laravel/framework/src/Illuminate/Queue/Worker.php(378): Illuminate\\Queue\\Worker->process()\n#18 /home/scandiweb/myProjects/sendemails/vendor/laravel/framework/src/Illuminate/Queue/Worker.php(172): Illuminate\\Queue\\Worker->runJob()\n#19 /home/scandiweb/myProjects/sendemails/vendor/laravel/framework/src/Illuminate/Queue/Console/WorkCommand.php(116): Illuminate\\Queue\\Worker->daemon()\n#20 /home/scandiweb/myProjects/sendemails/vendor/laravel/framework/src/Illuminate/Queue/Console/WorkCommand.php(100): Illuminate\\Queue\\Console\\WorkCommand->runWorker()\n#21 /home/scandiweb/myProjects/sendemails/vendor/laravel/framework/src/Illuminate/Container/BoundMethod.php(36): Illuminate\\Queue\\Console\\WorkCommand->handle()\n#22 /home/scandiweb/myProjects/sendemails/vendor/laravel/framework/src/Illuminate/Container/Util.php(40): Illuminate\\Container\\BoundMethod::Illuminate\\Container\\{closure}()\n#23 /home/scandiweb/myProjects/sendemails/vendor/laravel/framework/src/Illuminate/Container/BoundMethod.php(93): Illuminate\\Container\\Util::unwrapIfClosure()\n#24 /home/scandiweb/myProjects/sendemails/vendor/laravel/framework/src/Illuminate/Container/BoundMethod.php(35): Illuminate\\Container\\BoundMethod::callBoundMethod()\n#25 /home/scandiweb/myProjects/sendemails/vendor/laravel/framework/src/Illuminate/Container/Container.php(653): Illuminate\\Container\\BoundMethod::call()\n#26 /home/scandiweb/myProjects/sendemails/vendor/laravel/framework/src/Illuminate/Console/Command.php(136): Illuminate\\Container\\Container->call()\n#27 /home/scandiweb/myProjects/sendemails/vendor/symfony/console/Command/Command.php(298): Illuminate\\Console\\Command->execute()\n#28 /home/scandiweb/myProjects/sendemails/vendor/laravel/framework/src/Illuminate/Console/Command.php(120): Symfony\\Component\\Console\\Command\\Command->run()\n#29 /home/scandiweb/myProjects/sendemails/vendor/symfony/console/Application.php(1040): Illuminate\\Console\\Command->run()\n#30 /home/scandiweb/myProjects/sendemails/vendor/symfony/console/Application.php(301): Symfony\\Component\\Console\\Application->doRunCommand()\n#31 /home/scandiweb/myProjects/sendemails/vendor/symfony/console/Application.php(171): Symfony\\Component\\Console\\Application->doRun()\n#32 /home/scandiweb/myProjects/sendemails/vendor/laravel/framework/src/Illuminate/Console/Application.php(94): Symfony\\Component\\Console\\Application->run()\n#33 /home/scandiweb/myProjects/sendemails/vendor/laravel/framework/src/Illuminate/Foundation/Console/Kernel.php(129): Illuminate\\Console\\Application->run()\n#34 /home/scandiweb/myProjects/sendemails/artisan(35): Illuminate\\Foundation\\Console\\Kernel->handle()\n#35 {main}', '2023-08-14 19:58:28');
INSERT INTO `failed_jobs` (`id`, `uuid`, `connection`, `queue`, `payload`, `exception`, `failed_at`) VALUES
(8, '3c90cf82-3906-402c-8c49-9abb4344d05a', 'database', 'default', '{\"uuid\":\"3c90cf82-3906-402c-8c49-9abb4344d05a\",\"displayName\":\"App\\\\Jobs\\\\SendGroupEmail\",\"job\":\"Illuminate\\\\Queue\\\\CallQueuedHandler@call\",\"maxTries\":null,\"maxExceptions\":null,\"failOnTimeout\":false,\"backoff\":null,\"timeout\":null,\"retryUntil\":null,\"data\":{\"commandName\":\"App\\\\Jobs\\\\SendGroupEmail\",\"command\":\"O:23:\\\"App\\\\Jobs\\\\SendGroupEmail\\\":12:{s:8:\\\"\\u0000*\\u0000group\\\";O:45:\\\"Illuminate\\\\Contracts\\\\Database\\\\ModelIdentifier\\\":4:{s:5:\\\"class\\\";s:24:\\\"App\\\\Models\\\\CustomerGroup\\\";s:2:\\\"id\\\";i:5;s:9:\\\"relations\\\";a:0:{}s:10:\\\"connection\\\";s:5:\\\"mysql\\\";}s:11:\\\"\\u0000*\\u0000template\\\";O:45:\\\"Illuminate\\\\Contracts\\\\Database\\\\ModelIdentifier\\\":4:{s:5:\\\"class\\\";s:24:\\\"App\\\\Models\\\\EmailTemplate\\\";s:2:\\\"id\\\";i:1;s:9:\\\"relations\\\";a:0:{}s:10:\\\"connection\\\";s:5:\\\"mysql\\\";}s:3:\\\"job\\\";N;s:10:\\\"connection\\\";N;s:5:\\\"queue\\\";N;s:15:\\\"chainConnection\\\";N;s:10:\\\"chainQueue\\\";N;s:19:\\\"chainCatchCallbacks\\\";N;s:5:\\\"delay\\\";N;s:11:\\\"afterCommit\\\";N;s:10:\\\"middleware\\\";a:0:{}s:7:\\\"chained\\\";a:0:{}}\"}}', 'TypeError: App\\Services\\SendMailService::replacePlaceholders(): Argument #2 ($customer) must be of type App\\Services\\Customer, App\\Models\\Customer given, called in /home/scandiweb/myProjects/sendemails/app/Jobs/SendGroupEmail.php on line 52 and defined in /home/scandiweb/myProjects/sendemails/app/Services/SendMailService.php:52\nStack trace:\n#0 /home/scandiweb/myProjects/sendemails/app/Jobs/SendGroupEmail.php(52): App\\Services\\SendMailService::replacePlaceholders()\n#1 /home/scandiweb/myProjects/sendemails/vendor/laravel/framework/src/Illuminate/Container/BoundMethod.php(36): App\\Jobs\\SendGroupEmail->handle()\n#2 /home/scandiweb/myProjects/sendemails/vendor/laravel/framework/src/Illuminate/Container/Util.php(40): Illuminate\\Container\\BoundMethod::Illuminate\\Container\\{closure}()\n#3 /home/scandiweb/myProjects/sendemails/vendor/laravel/framework/src/Illuminate/Container/BoundMethod.php(93): Illuminate\\Container\\Util::unwrapIfClosure()\n#4 /home/scandiweb/myProjects/sendemails/vendor/laravel/framework/src/Illuminate/Container/BoundMethod.php(35): Illuminate\\Container\\BoundMethod::callBoundMethod()\n#5 /home/scandiweb/myProjects/sendemails/vendor/laravel/framework/src/Illuminate/Container/Container.php(653): Illuminate\\Container\\BoundMethod::call()\n#6 /home/scandiweb/myProjects/sendemails/vendor/laravel/framework/src/Illuminate/Bus/Dispatcher.php(128): Illuminate\\Container\\Container->call()\n#7 /home/scandiweb/myProjects/sendemails/vendor/laravel/framework/src/Illuminate/Pipeline/Pipeline.php(128): Illuminate\\Bus\\Dispatcher->Illuminate\\Bus\\{closure}()\n#8 /home/scandiweb/myProjects/sendemails/vendor/laravel/framework/src/Illuminate/Pipeline/Pipeline.php(103): Illuminate\\Pipeline\\Pipeline->Illuminate\\Pipeline\\{closure}()\n#9 /home/scandiweb/myProjects/sendemails/vendor/laravel/framework/src/Illuminate/Bus/Dispatcher.php(132): Illuminate\\Pipeline\\Pipeline->then()\n#10 /home/scandiweb/myProjects/sendemails/vendor/laravel/framework/src/Illuminate/Queue/CallQueuedHandler.php(119): Illuminate\\Bus\\Dispatcher->dispatchNow()\n#11 /home/scandiweb/myProjects/sendemails/vendor/laravel/framework/src/Illuminate/Pipeline/Pipeline.php(128): Illuminate\\Queue\\CallQueuedHandler->Illuminate\\Queue\\{closure}()\n#12 /home/scandiweb/myProjects/sendemails/vendor/laravel/framework/src/Illuminate/Pipeline/Pipeline.php(103): Illuminate\\Pipeline\\Pipeline->Illuminate\\Pipeline\\{closure}()\n#13 /home/scandiweb/myProjects/sendemails/vendor/laravel/framework/src/Illuminate/Queue/CallQueuedHandler.php(118): Illuminate\\Pipeline\\Pipeline->then()\n#14 /home/scandiweb/myProjects/sendemails/vendor/laravel/framework/src/Illuminate/Queue/CallQueuedHandler.php(70): Illuminate\\Queue\\CallQueuedHandler->dispatchThroughMiddleware()\n#15 /home/scandiweb/myProjects/sendemails/vendor/laravel/framework/src/Illuminate/Queue/Jobs/Job.php(98): Illuminate\\Queue\\CallQueuedHandler->call()\n#16 /home/scandiweb/myProjects/sendemails/vendor/laravel/framework/src/Illuminate/Queue/Worker.php(428): Illuminate\\Queue\\Jobs\\Job->fire()\n#17 /home/scandiweb/myProjects/sendemails/vendor/laravel/framework/src/Illuminate/Queue/Worker.php(378): Illuminate\\Queue\\Worker->process()\n#18 /home/scandiweb/myProjects/sendemails/vendor/laravel/framework/src/Illuminate/Queue/Worker.php(172): Illuminate\\Queue\\Worker->runJob()\n#19 /home/scandiweb/myProjects/sendemails/vendor/laravel/framework/src/Illuminate/Queue/Console/WorkCommand.php(116): Illuminate\\Queue\\Worker->daemon()\n#20 /home/scandiweb/myProjects/sendemails/vendor/laravel/framework/src/Illuminate/Queue/Console/WorkCommand.php(100): Illuminate\\Queue\\Console\\WorkCommand->runWorker()\n#21 /home/scandiweb/myProjects/sendemails/vendor/laravel/framework/src/Illuminate/Container/BoundMethod.php(36): Illuminate\\Queue\\Console\\WorkCommand->handle()\n#22 /home/scandiweb/myProjects/sendemails/vendor/laravel/framework/src/Illuminate/Container/Util.php(40): Illuminate\\Container\\BoundMethod::Illuminate\\Container\\{closure}()\n#23 /home/scandiweb/myProjects/sendemails/vendor/laravel/framework/src/Illuminate/Container/BoundMethod.php(93): Illuminate\\Container\\Util::unwrapIfClosure()\n#24 /home/scandiweb/myProjects/sendemails/vendor/laravel/framework/src/Illuminate/Container/BoundMethod.php(35): Illuminate\\Container\\BoundMethod::callBoundMethod()\n#25 /home/scandiweb/myProjects/sendemails/vendor/laravel/framework/src/Illuminate/Container/Container.php(653): Illuminate\\Container\\BoundMethod::call()\n#26 /home/scandiweb/myProjects/sendemails/vendor/laravel/framework/src/Illuminate/Console/Command.php(136): Illuminate\\Container\\Container->call()\n#27 /home/scandiweb/myProjects/sendemails/vendor/symfony/console/Command/Command.php(298): Illuminate\\Console\\Command->execute()\n#28 /home/scandiweb/myProjects/sendemails/vendor/laravel/framework/src/Illuminate/Console/Command.php(120): Symfony\\Component\\Console\\Command\\Command->run()\n#29 /home/scandiweb/myProjects/sendemails/vendor/symfony/console/Application.php(1040): Illuminate\\Console\\Command->run()\n#30 /home/scandiweb/myProjects/sendemails/vendor/symfony/console/Application.php(301): Symfony\\Component\\Console\\Application->doRunCommand()\n#31 /home/scandiweb/myProjects/sendemails/vendor/symfony/console/Application.php(171): Symfony\\Component\\Console\\Application->doRun()\n#32 /home/scandiweb/myProjects/sendemails/vendor/laravel/framework/src/Illuminate/Console/Application.php(94): Symfony\\Component\\Console\\Application->run()\n#33 /home/scandiweb/myProjects/sendemails/vendor/laravel/framework/src/Illuminate/Foundation/Console/Kernel.php(129): Illuminate\\Console\\Application->run()\n#34 /home/scandiweb/myProjects/sendemails/artisan(35): Illuminate\\Foundation\\Console\\Kernel->handle()\n#35 {main}', '2023-08-14 20:01:24'),
(9, '9d4bd1f7-e134-4d10-bdb6-0f8ff4adc67d', 'database', 'default', '{\"uuid\":\"9d4bd1f7-e134-4d10-bdb6-0f8ff4adc67d\",\"displayName\":\"App\\\\Jobs\\\\SendGroupEmail\",\"job\":\"Illuminate\\\\Queue\\\\CallQueuedHandler@call\",\"maxTries\":null,\"maxExceptions\":null,\"failOnTimeout\":false,\"backoff\":null,\"timeout\":null,\"retryUntil\":null,\"data\":{\"commandName\":\"App\\\\Jobs\\\\SendGroupEmail\",\"command\":\"O:23:\\\"App\\\\Jobs\\\\SendGroupEmail\\\":12:{s:8:\\\"\\u0000*\\u0000group\\\";O:45:\\\"Illuminate\\\\Contracts\\\\Database\\\\ModelIdentifier\\\":4:{s:5:\\\"class\\\";s:24:\\\"App\\\\Models\\\\CustomerGroup\\\";s:2:\\\"id\\\";i:5;s:9:\\\"relations\\\";a:0:{}s:10:\\\"connection\\\";s:5:\\\"mysql\\\";}s:11:\\\"\\u0000*\\u0000template\\\";O:45:\\\"Illuminate\\\\Contracts\\\\Database\\\\ModelIdentifier\\\":4:{s:5:\\\"class\\\";s:24:\\\"App\\\\Models\\\\EmailTemplate\\\";s:2:\\\"id\\\";i:1;s:9:\\\"relations\\\";a:0:{}s:10:\\\"connection\\\";s:5:\\\"mysql\\\";}s:3:\\\"job\\\";N;s:10:\\\"connection\\\";N;s:5:\\\"queue\\\";N;s:15:\\\"chainConnection\\\";N;s:10:\\\"chainQueue\\\";N;s:19:\\\"chainCatchCallbacks\\\";N;s:5:\\\"delay\\\";N;s:11:\\\"afterCommit\\\";N;s:10:\\\"middleware\\\";a:0:{}s:7:\\\"chained\\\";a:0:{}}\"}}', 'Illuminate\\Queue\\MaxAttemptsExceededException: App\\Jobs\\SendGroupEmail has been attempted too many times or run too long. The job may have previously timed out. in /home/scandiweb/myProjects/sendemails/vendor/laravel/framework/src/Illuminate/Queue/Worker.php:750\nStack trace:\n#0 /home/scandiweb/myProjects/sendemails/vendor/laravel/framework/src/Illuminate/Queue/Worker.php(504): Illuminate\\Queue\\Worker->maxAttemptsExceededException()\n#1 /home/scandiweb/myProjects/sendemails/vendor/laravel/framework/src/Illuminate/Queue/Worker.php(417): Illuminate\\Queue\\Worker->markJobAsFailedIfAlreadyExceedsMaxAttempts()\n#2 /home/scandiweb/myProjects/sendemails/vendor/laravel/framework/src/Illuminate/Queue/Worker.php(378): Illuminate\\Queue\\Worker->process()\n#3 /home/scandiweb/myProjects/sendemails/vendor/laravel/framework/src/Illuminate/Queue/Worker.php(172): Illuminate\\Queue\\Worker->runJob()\n#4 /home/scandiweb/myProjects/sendemails/vendor/laravel/framework/src/Illuminate/Queue/Console/WorkCommand.php(116): Illuminate\\Queue\\Worker->daemon()\n#5 /home/scandiweb/myProjects/sendemails/vendor/laravel/framework/src/Illuminate/Queue/Console/WorkCommand.php(100): Illuminate\\Queue\\Console\\WorkCommand->runWorker()\n#6 /home/scandiweb/myProjects/sendemails/vendor/laravel/framework/src/Illuminate/Container/BoundMethod.php(36): Illuminate\\Queue\\Console\\WorkCommand->handle()\n#7 /home/scandiweb/myProjects/sendemails/vendor/laravel/framework/src/Illuminate/Container/Util.php(40): Illuminate\\Container\\BoundMethod::Illuminate\\Container\\{closure}()\n#8 /home/scandiweb/myProjects/sendemails/vendor/laravel/framework/src/Illuminate/Container/BoundMethod.php(93): Illuminate\\Container\\Util::unwrapIfClosure()\n#9 /home/scandiweb/myProjects/sendemails/vendor/laravel/framework/src/Illuminate/Container/BoundMethod.php(35): Illuminate\\Container\\BoundMethod::callBoundMethod()\n#10 /home/scandiweb/myProjects/sendemails/vendor/laravel/framework/src/Illuminate/Container/Container.php(653): Illuminate\\Container\\BoundMethod::call()\n#11 /home/scandiweb/myProjects/sendemails/vendor/laravel/framework/src/Illuminate/Console/Command.php(136): Illuminate\\Container\\Container->call()\n#12 /home/scandiweb/myProjects/sendemails/vendor/symfony/console/Command/Command.php(298): Illuminate\\Console\\Command->execute()\n#13 /home/scandiweb/myProjects/sendemails/vendor/laravel/framework/src/Illuminate/Console/Command.php(120): Symfony\\Component\\Console\\Command\\Command->run()\n#14 /home/scandiweb/myProjects/sendemails/vendor/symfony/console/Application.php(1040): Illuminate\\Console\\Command->run()\n#15 /home/scandiweb/myProjects/sendemails/vendor/symfony/console/Application.php(301): Symfony\\Component\\Console\\Application->doRunCommand()\n#16 /home/scandiweb/myProjects/sendemails/vendor/symfony/console/Application.php(171): Symfony\\Component\\Console\\Application->doRun()\n#17 /home/scandiweb/myProjects/sendemails/vendor/laravel/framework/src/Illuminate/Console/Application.php(94): Symfony\\Component\\Console\\Application->run()\n#18 /home/scandiweb/myProjects/sendemails/vendor/laravel/framework/src/Illuminate/Foundation/Console/Kernel.php(129): Illuminate\\Console\\Application->run()\n#19 /home/scandiweb/myProjects/sendemails/artisan(35): Illuminate\\Foundation\\Console\\Kernel->handle()\n#20 {main}', '2023-08-14 20:01:39'),
(10, '65b342a3-7a0a-421b-8ca2-90322a6365dc', 'database', 'default', '{\"uuid\":\"65b342a3-7a0a-421b-8ca2-90322a6365dc\",\"displayName\":\"App\\\\Jobs\\\\SendGroupEmail\",\"job\":\"Illuminate\\\\Queue\\\\CallQueuedHandler@call\",\"maxTries\":null,\"maxExceptions\":null,\"failOnTimeout\":false,\"backoff\":null,\"timeout\":null,\"retryUntil\":null,\"data\":{\"commandName\":\"App\\\\Jobs\\\\SendGroupEmail\",\"command\":\"O:23:\\\"App\\\\Jobs\\\\SendGroupEmail\\\":12:{s:8:\\\"\\u0000*\\u0000group\\\";O:45:\\\"Illuminate\\\\Contracts\\\\Database\\\\ModelIdentifier\\\":4:{s:5:\\\"class\\\";s:24:\\\"App\\\\Models\\\\CustomerGroup\\\";s:2:\\\"id\\\";i:5;s:9:\\\"relations\\\";a:0:{}s:10:\\\"connection\\\";s:5:\\\"mysql\\\";}s:11:\\\"\\u0000*\\u0000template\\\";O:45:\\\"Illuminate\\\\Contracts\\\\Database\\\\ModelIdentifier\\\":4:{s:5:\\\"class\\\";s:24:\\\"App\\\\Models\\\\EmailTemplate\\\";s:2:\\\"id\\\";i:1;s:9:\\\"relations\\\";a:0:{}s:10:\\\"connection\\\";s:5:\\\"mysql\\\";}s:3:\\\"job\\\";N;s:10:\\\"connection\\\";N;s:5:\\\"queue\\\";N;s:15:\\\"chainConnection\\\";N;s:10:\\\"chainQueue\\\";N;s:19:\\\"chainCatchCallbacks\\\";N;s:5:\\\"delay\\\";N;s:11:\\\"afterCommit\\\";N;s:10:\\\"middleware\\\";a:0:{}s:7:\\\"chained\\\";a:0:{}}\"}}', 'TypeError: App\\Services\\SendMailService::replacePlaceholders(): Argument #2 ($customer) must be of type App\\Services\\Customer, App\\Models\\Customer given, called in /home/scandiweb/myProjects/sendemails/app/Jobs/SendGroupEmail.php on line 52 and defined in /home/scandiweb/myProjects/sendemails/app/Services/SendMailService.php:52\nStack trace:\n#0 /home/scandiweb/myProjects/sendemails/app/Jobs/SendGroupEmail.php(52): App\\Services\\SendMailService::replacePlaceholders()\n#1 /home/scandiweb/myProjects/sendemails/vendor/laravel/framework/src/Illuminate/Container/BoundMethod.php(36): App\\Jobs\\SendGroupEmail->handle()\n#2 /home/scandiweb/myProjects/sendemails/vendor/laravel/framework/src/Illuminate/Container/Util.php(40): Illuminate\\Container\\BoundMethod::Illuminate\\Container\\{closure}()\n#3 /home/scandiweb/myProjects/sendemails/vendor/laravel/framework/src/Illuminate/Container/BoundMethod.php(93): Illuminate\\Container\\Util::unwrapIfClosure()\n#4 /home/scandiweb/myProjects/sendemails/vendor/laravel/framework/src/Illuminate/Container/BoundMethod.php(35): Illuminate\\Container\\BoundMethod::callBoundMethod()\n#5 /home/scandiweb/myProjects/sendemails/vendor/laravel/framework/src/Illuminate/Container/Container.php(653): Illuminate\\Container\\BoundMethod::call()\n#6 /home/scandiweb/myProjects/sendemails/vendor/laravel/framework/src/Illuminate/Bus/Dispatcher.php(128): Illuminate\\Container\\Container->call()\n#7 /home/scandiweb/myProjects/sendemails/vendor/laravel/framework/src/Illuminate/Pipeline/Pipeline.php(128): Illuminate\\Bus\\Dispatcher->Illuminate\\Bus\\{closure}()\n#8 /home/scandiweb/myProjects/sendemails/vendor/laravel/framework/src/Illuminate/Pipeline/Pipeline.php(103): Illuminate\\Pipeline\\Pipeline->Illuminate\\Pipeline\\{closure}()\n#9 /home/scandiweb/myProjects/sendemails/vendor/laravel/framework/src/Illuminate/Bus/Dispatcher.php(132): Illuminate\\Pipeline\\Pipeline->then()\n#10 /home/scandiweb/myProjects/sendemails/vendor/laravel/framework/src/Illuminate/Queue/CallQueuedHandler.php(119): Illuminate\\Bus\\Dispatcher->dispatchNow()\n#11 /home/scandiweb/myProjects/sendemails/vendor/laravel/framework/src/Illuminate/Pipeline/Pipeline.php(128): Illuminate\\Queue\\CallQueuedHandler->Illuminate\\Queue\\{closure}()\n#12 /home/scandiweb/myProjects/sendemails/vendor/laravel/framework/src/Illuminate/Pipeline/Pipeline.php(103): Illuminate\\Pipeline\\Pipeline->Illuminate\\Pipeline\\{closure}()\n#13 /home/scandiweb/myProjects/sendemails/vendor/laravel/framework/src/Illuminate/Queue/CallQueuedHandler.php(118): Illuminate\\Pipeline\\Pipeline->then()\n#14 /home/scandiweb/myProjects/sendemails/vendor/laravel/framework/src/Illuminate/Queue/CallQueuedHandler.php(70): Illuminate\\Queue\\CallQueuedHandler->dispatchThroughMiddleware()\n#15 /home/scandiweb/myProjects/sendemails/vendor/laravel/framework/src/Illuminate/Queue/Jobs/Job.php(98): Illuminate\\Queue\\CallQueuedHandler->call()\n#16 /home/scandiweb/myProjects/sendemails/vendor/laravel/framework/src/Illuminate/Queue/Worker.php(428): Illuminate\\Queue\\Jobs\\Job->fire()\n#17 /home/scandiweb/myProjects/sendemails/vendor/laravel/framework/src/Illuminate/Queue/Worker.php(378): Illuminate\\Queue\\Worker->process()\n#18 /home/scandiweb/myProjects/sendemails/vendor/laravel/framework/src/Illuminate/Queue/Worker.php(172): Illuminate\\Queue\\Worker->runJob()\n#19 /home/scandiweb/myProjects/sendemails/vendor/laravel/framework/src/Illuminate/Queue/Console/WorkCommand.php(116): Illuminate\\Queue\\Worker->daemon()\n#20 /home/scandiweb/myProjects/sendemails/vendor/laravel/framework/src/Illuminate/Queue/Console/WorkCommand.php(100): Illuminate\\Queue\\Console\\WorkCommand->runWorker()\n#21 /home/scandiweb/myProjects/sendemails/vendor/laravel/framework/src/Illuminate/Container/BoundMethod.php(36): Illuminate\\Queue\\Console\\WorkCommand->handle()\n#22 /home/scandiweb/myProjects/sendemails/vendor/laravel/framework/src/Illuminate/Container/Util.php(40): Illuminate\\Container\\BoundMethod::Illuminate\\Container\\{closure}()\n#23 /home/scandiweb/myProjects/sendemails/vendor/laravel/framework/src/Illuminate/Container/BoundMethod.php(93): Illuminate\\Container\\Util::unwrapIfClosure()\n#24 /home/scandiweb/myProjects/sendemails/vendor/laravel/framework/src/Illuminate/Container/BoundMethod.php(35): Illuminate\\Container\\BoundMethod::callBoundMethod()\n#25 /home/scandiweb/myProjects/sendemails/vendor/laravel/framework/src/Illuminate/Container/Container.php(653): Illuminate\\Container\\BoundMethod::call()\n#26 /home/scandiweb/myProjects/sendemails/vendor/laravel/framework/src/Illuminate/Console/Command.php(136): Illuminate\\Container\\Container->call()\n#27 /home/scandiweb/myProjects/sendemails/vendor/symfony/console/Command/Command.php(298): Illuminate\\Console\\Command->execute()\n#28 /home/scandiweb/myProjects/sendemails/vendor/laravel/framework/src/Illuminate/Console/Command.php(120): Symfony\\Component\\Console\\Command\\Command->run()\n#29 /home/scandiweb/myProjects/sendemails/vendor/symfony/console/Application.php(1040): Illuminate\\Console\\Command->run()\n#30 /home/scandiweb/myProjects/sendemails/vendor/symfony/console/Application.php(301): Symfony\\Component\\Console\\Application->doRunCommand()\n#31 /home/scandiweb/myProjects/sendemails/vendor/symfony/console/Application.php(171): Symfony\\Component\\Console\\Application->doRun()\n#32 /home/scandiweb/myProjects/sendemails/vendor/laravel/framework/src/Illuminate/Console/Application.php(94): Symfony\\Component\\Console\\Application->run()\n#33 /home/scandiweb/myProjects/sendemails/vendor/laravel/framework/src/Illuminate/Foundation/Console/Kernel.php(129): Illuminate\\Console\\Application->run()\n#34 /home/scandiweb/myProjects/sendemails/artisan(35): Illuminate\\Foundation\\Console\\Kernel->handle()\n#35 {main}', '2023-08-14 20:04:31'),
(11, 'd8847e88-8e92-42b5-837e-188fc4dcc16a', 'database', 'default', '{\"uuid\":\"d8847e88-8e92-42b5-837e-188fc4dcc16a\",\"displayName\":\"App\\\\Jobs\\\\SendGroupEmail\",\"job\":\"Illuminate\\\\Queue\\\\CallQueuedHandler@call\",\"maxTries\":null,\"maxExceptions\":null,\"failOnTimeout\":false,\"backoff\":null,\"timeout\":null,\"retryUntil\":null,\"data\":{\"commandName\":\"App\\\\Jobs\\\\SendGroupEmail\",\"command\":\"O:23:\\\"App\\\\Jobs\\\\SendGroupEmail\\\":12:{s:8:\\\"\\u0000*\\u0000group\\\";O:45:\\\"Illuminate\\\\Contracts\\\\Database\\\\ModelIdentifier\\\":4:{s:5:\\\"class\\\";s:24:\\\"App\\\\Models\\\\CustomerGroup\\\";s:2:\\\"id\\\";i:5;s:9:\\\"relations\\\";a:0:{}s:10:\\\"connection\\\";s:5:\\\"mysql\\\";}s:11:\\\"\\u0000*\\u0000template\\\";O:45:\\\"Illuminate\\\\Contracts\\\\Database\\\\ModelIdentifier\\\":4:{s:5:\\\"class\\\";s:24:\\\"App\\\\Models\\\\EmailTemplate\\\";s:2:\\\"id\\\";i:1;s:9:\\\"relations\\\";a:0:{}s:10:\\\"connection\\\";s:5:\\\"mysql\\\";}s:3:\\\"job\\\";N;s:10:\\\"connection\\\";N;s:5:\\\"queue\\\";N;s:15:\\\"chainConnection\\\";N;s:10:\\\"chainQueue\\\";N;s:19:\\\"chainCatchCallbacks\\\";N;s:5:\\\"delay\\\";N;s:11:\\\"afterCommit\\\";N;s:10:\\\"middleware\\\";a:0:{}s:7:\\\"chained\\\";a:0:{}}\"}}', 'Swift_TransportException: Connection could not be established with host sandbox.smtp.mailtrap.io :stream_socket_client(): Unable to connect to sandbox.smtp.mailtrap.io:25 (Connection timed out) in /home/scandiweb/myProjects/sendemails/vendor/swiftmailer/swiftmailer/lib/classes/Swift/Transport/StreamBuffer.php:261\nStack trace:\n#0 [internal function]: Swift_Transport_StreamBuffer->{closure}()\n#1 /home/scandiweb/myProjects/sendemails/vendor/swiftmailer/swiftmailer/lib/classes/Swift/Transport/StreamBuffer.php(264): stream_socket_client()\n#2 /home/scandiweb/myProjects/sendemails/vendor/swiftmailer/swiftmailer/lib/classes/Swift/Transport/StreamBuffer.php(58): Swift_Transport_StreamBuffer->establishSocketConnection()\n#3 /home/scandiweb/myProjects/sendemails/vendor/swiftmailer/swiftmailer/lib/classes/Swift/Transport/AbstractSmtpTransport.php(143): Swift_Transport_StreamBuffer->initialize()\n#4 /home/scandiweb/myProjects/sendemails/vendor/swiftmailer/swiftmailer/lib/classes/Swift/Mailer.php(65): Swift_Transport_AbstractSmtpTransport->start()\n#5 /home/scandiweb/myProjects/sendemails/vendor/laravel/framework/src/Illuminate/Mail/Mailer.php(521): Swift_Mailer->send()\n#6 /home/scandiweb/myProjects/sendemails/vendor/laravel/framework/src/Illuminate/Mail/Mailer.php(288): Illuminate\\Mail\\Mailer->sendSwiftMessage()\n#7 /home/scandiweb/myProjects/sendemails/vendor/laravel/framework/src/Illuminate/Mail/Mailer.php(212): Illuminate\\Mail\\Mailer->send()\n#8 /home/scandiweb/myProjects/sendemails/vendor/laravel/framework/src/Illuminate/Mail/MailManager.php(550): Illuminate\\Mail\\Mailer->raw()\n#9 /home/scandiweb/myProjects/sendemails/vendor/laravel/framework/src/Illuminate/Support/Facades/Facade.php(261): Illuminate\\Mail\\MailManager->__call()\n#10 /home/scandiweb/myProjects/sendemails/app/Services/SendMailService.php(36): Illuminate\\Support\\Facades\\Facade::__callStatic()\n#11 /home/scandiweb/myProjects/sendemails/app/Jobs/SendGroupEmail.php(53): App\\Services\\SendMailService->sendEmail()\n#12 /home/scandiweb/myProjects/sendemails/vendor/laravel/framework/src/Illuminate/Container/BoundMethod.php(36): App\\Jobs\\SendGroupEmail->handle()\n#13 /home/scandiweb/myProjects/sendemails/vendor/laravel/framework/src/Illuminate/Container/Util.php(40): Illuminate\\Container\\BoundMethod::Illuminate\\Container\\{closure}()\n#14 /home/scandiweb/myProjects/sendemails/vendor/laravel/framework/src/Illuminate/Container/BoundMethod.php(93): Illuminate\\Container\\Util::unwrapIfClosure()\n#15 /home/scandiweb/myProjects/sendemails/vendor/laravel/framework/src/Illuminate/Container/BoundMethod.php(35): Illuminate\\Container\\BoundMethod::callBoundMethod()\n#16 /home/scandiweb/myProjects/sendemails/vendor/laravel/framework/src/Illuminate/Container/Container.php(653): Illuminate\\Container\\BoundMethod::call()\n#17 /home/scandiweb/myProjects/sendemails/vendor/laravel/framework/src/Illuminate/Bus/Dispatcher.php(128): Illuminate\\Container\\Container->call()\n#18 /home/scandiweb/myProjects/sendemails/vendor/laravel/framework/src/Illuminate/Pipeline/Pipeline.php(128): Illuminate\\Bus\\Dispatcher->Illuminate\\Bus\\{closure}()\n#19 /home/scandiweb/myProjects/sendemails/vendor/laravel/framework/src/Illuminate/Pipeline/Pipeline.php(103): Illuminate\\Pipeline\\Pipeline->Illuminate\\Pipeline\\{closure}()\n#20 /home/scandiweb/myProjects/sendemails/vendor/laravel/framework/src/Illuminate/Bus/Dispatcher.php(132): Illuminate\\Pipeline\\Pipeline->then()\n#21 /home/scandiweb/myProjects/sendemails/vendor/laravel/framework/src/Illuminate/Queue/CallQueuedHandler.php(119): Illuminate\\Bus\\Dispatcher->dispatchNow()\n#22 /home/scandiweb/myProjects/sendemails/vendor/laravel/framework/src/Illuminate/Pipeline/Pipeline.php(128): Illuminate\\Queue\\CallQueuedHandler->Illuminate\\Queue\\{closure}()\n#23 /home/scandiweb/myProjects/sendemails/vendor/laravel/framework/src/Illuminate/Pipeline/Pipeline.php(103): Illuminate\\Pipeline\\Pipeline->Illuminate\\Pipeline\\{closure}()\n#24 /home/scandiweb/myProjects/sendemails/vendor/laravel/framework/src/Illuminate/Queue/CallQueuedHandler.php(118): Illuminate\\Pipeline\\Pipeline->then()\n#25 /home/scandiweb/myProjects/sendemails/vendor/laravel/framework/src/Illuminate/Queue/CallQueuedHandler.php(70): Illuminate\\Queue\\CallQueuedHandler->dispatchThroughMiddleware()\n#26 /home/scandiweb/myProjects/sendemails/vendor/laravel/framework/src/Illuminate/Queue/Jobs/Job.php(98): Illuminate\\Queue\\CallQueuedHandler->call()\n#27 /home/scandiweb/myProjects/sendemails/vendor/laravel/framework/src/Illuminate/Queue/Worker.php(428): Illuminate\\Queue\\Jobs\\Job->fire()\n#28 /home/scandiweb/myProjects/sendemails/vendor/laravel/framework/src/Illuminate/Queue/Worker.php(378): Illuminate\\Queue\\Worker->process()\n#29 /home/scandiweb/myProjects/sendemails/vendor/laravel/framework/src/Illuminate/Queue/Worker.php(172): Illuminate\\Queue\\Worker->runJob()\n#30 /home/scandiweb/myProjects/sendemails/vendor/laravel/framework/src/Illuminate/Queue/Console/WorkCommand.php(116): Illuminate\\Queue\\Worker->daemon()\n#31 /home/scandiweb/myProjects/sendemails/vendor/laravel/framework/src/Illuminate/Queue/Console/WorkCommand.php(100): Illuminate\\Queue\\Console\\WorkCommand->runWorker()\n#32 /home/scandiweb/myProjects/sendemails/vendor/laravel/framework/src/Illuminate/Container/BoundMethod.php(36): Illuminate\\Queue\\Console\\WorkCommand->handle()\n#33 /home/scandiweb/myProjects/sendemails/vendor/laravel/framework/src/Illuminate/Container/Util.php(40): Illuminate\\Container\\BoundMethod::Illuminate\\Container\\{closure}()\n#34 /home/scandiweb/myProjects/sendemails/vendor/laravel/framework/src/Illuminate/Container/BoundMethod.php(93): Illuminate\\Container\\Util::unwrapIfClosure()\n#35 /home/scandiweb/myProjects/sendemails/vendor/laravel/framework/src/Illuminate/Container/BoundMethod.php(35): Illuminate\\Container\\BoundMethod::callBoundMethod()\n#36 /home/scandiweb/myProjects/sendemails/vendor/laravel/framework/src/Illuminate/Container/Container.php(653): Illuminate\\Container\\BoundMethod::call()\n#37 /home/scandiweb/myProjects/sendemails/vendor/laravel/framework/src/Illuminate/Console/Command.php(136): Illuminate\\Container\\Container->call()\n#38 /home/scandiweb/myProjects/sendemails/vendor/symfony/console/Command/Command.php(298): Illuminate\\Console\\Command->execute()\n#39 /home/scandiweb/myProjects/sendemails/vendor/laravel/framework/src/Illuminate/Console/Command.php(120): Symfony\\Component\\Console\\Command\\Command->run()\n#40 /home/scandiweb/myProjects/sendemails/vendor/symfony/console/Application.php(1040): Illuminate\\Console\\Command->run()\n#41 /home/scandiweb/myProjects/sendemails/vendor/symfony/console/Application.php(301): Symfony\\Component\\Console\\Application->doRunCommand()\n#42 /home/scandiweb/myProjects/sendemails/vendor/symfony/console/Application.php(171): Symfony\\Component\\Console\\Application->doRun()\n#43 /home/scandiweb/myProjects/sendemails/vendor/laravel/framework/src/Illuminate/Console/Application.php(94): Symfony\\Component\\Console\\Application->run()\n#44 /home/scandiweb/myProjects/sendemails/vendor/laravel/framework/src/Illuminate/Foundation/Console/Kernel.php(129): Illuminate\\Console\\Application->run()\n#45 /home/scandiweb/myProjects/sendemails/artisan(35): Illuminate\\Foundation\\Console\\Kernel->handle()\n#46 {main}', '2023-08-14 20:07:46'),
(12, '4dfca71a-6607-40bd-940b-ab2efec8fe02', 'database', 'default', '{\"uuid\":\"4dfca71a-6607-40bd-940b-ab2efec8fe02\",\"displayName\":\"App\\\\Jobs\\\\SendGroupEmail\",\"job\":\"Illuminate\\\\Queue\\\\CallQueuedHandler@call\",\"maxTries\":null,\"maxExceptions\":null,\"failOnTimeout\":false,\"backoff\":null,\"timeout\":null,\"retryUntil\":null,\"data\":{\"commandName\":\"App\\\\Jobs\\\\SendGroupEmail\",\"command\":\"O:23:\\\"App\\\\Jobs\\\\SendGroupEmail\\\":12:{s:8:\\\"\\u0000*\\u0000group\\\";O:45:\\\"Illuminate\\\\Contracts\\\\Database\\\\ModelIdentifier\\\":4:{s:5:\\\"class\\\";s:24:\\\"App\\\\Models\\\\CustomerGroup\\\";s:2:\\\"id\\\";i:5;s:9:\\\"relations\\\";a:0:{}s:10:\\\"connection\\\";s:5:\\\"mysql\\\";}s:11:\\\"\\u0000*\\u0000template\\\";O:45:\\\"Illuminate\\\\Contracts\\\\Database\\\\ModelIdentifier\\\":4:{s:5:\\\"class\\\";s:24:\\\"App\\\\Models\\\\EmailTemplate\\\";s:2:\\\"id\\\";i:1;s:9:\\\"relations\\\";a:0:{}s:10:\\\"connection\\\";s:5:\\\"mysql\\\";}s:3:\\\"job\\\";N;s:10:\\\"connection\\\";N;s:5:\\\"queue\\\";N;s:15:\\\"chainConnection\\\";N;s:10:\\\"chainQueue\\\";N;s:19:\\\"chainCatchCallbacks\\\";N;s:5:\\\"delay\\\";N;s:11:\\\"afterCommit\\\";N;s:10:\\\"middleware\\\";a:0:{}s:7:\\\"chained\\\";a:0:{}}\"}}', 'Error: Class \"App\\Mail\\SendGroupEmailMailable\" not found in /home/scandiweb/myProjects/sendemails/app/Services/SendMailService.php:40\nStack trace:\n#0 /home/scandiweb/myProjects/sendemails/app/Jobs/SendGroupEmail.php(53): App\\Services\\SendMailService->sendEmail()\n#1 /home/scandiweb/myProjects/sendemails/vendor/laravel/framework/src/Illuminate/Container/BoundMethod.php(36): App\\Jobs\\SendGroupEmail->handle()\n#2 /home/scandiweb/myProjects/sendemails/vendor/laravel/framework/src/Illuminate/Container/Util.php(40): Illuminate\\Container\\BoundMethod::Illuminate\\Container\\{closure}()\n#3 /home/scandiweb/myProjects/sendemails/vendor/laravel/framework/src/Illuminate/Container/BoundMethod.php(93): Illuminate\\Container\\Util::unwrapIfClosure()\n#4 /home/scandiweb/myProjects/sendemails/vendor/laravel/framework/src/Illuminate/Container/BoundMethod.php(35): Illuminate\\Container\\BoundMethod::callBoundMethod()\n#5 /home/scandiweb/myProjects/sendemails/vendor/laravel/framework/src/Illuminate/Container/Container.php(653): Illuminate\\Container\\BoundMethod::call()\n#6 /home/scandiweb/myProjects/sendemails/vendor/laravel/framework/src/Illuminate/Bus/Dispatcher.php(128): Illuminate\\Container\\Container->call()\n#7 /home/scandiweb/myProjects/sendemails/vendor/laravel/framework/src/Illuminate/Pipeline/Pipeline.php(128): Illuminate\\Bus\\Dispatcher->Illuminate\\Bus\\{closure}()\n#8 /home/scandiweb/myProjects/sendemails/vendor/laravel/framework/src/Illuminate/Pipeline/Pipeline.php(103): Illuminate\\Pipeline\\Pipeline->Illuminate\\Pipeline\\{closure}()\n#9 /home/scandiweb/myProjects/sendemails/vendor/laravel/framework/src/Illuminate/Bus/Dispatcher.php(132): Illuminate\\Pipeline\\Pipeline->then()\n#10 /home/scandiweb/myProjects/sendemails/vendor/laravel/framework/src/Illuminate/Queue/CallQueuedHandler.php(119): Illuminate\\Bus\\Dispatcher->dispatchNow()\n#11 /home/scandiweb/myProjects/sendemails/vendor/laravel/framework/src/Illuminate/Pipeline/Pipeline.php(128): Illuminate\\Queue\\CallQueuedHandler->Illuminate\\Queue\\{closure}()\n#12 /home/scandiweb/myProjects/sendemails/vendor/laravel/framework/src/Illuminate/Pipeline/Pipeline.php(103): Illuminate\\Pipeline\\Pipeline->Illuminate\\Pipeline\\{closure}()\n#13 /home/scandiweb/myProjects/sendemails/vendor/laravel/framework/src/Illuminate/Queue/CallQueuedHandler.php(118): Illuminate\\Pipeline\\Pipeline->then()\n#14 /home/scandiweb/myProjects/sendemails/vendor/laravel/framework/src/Illuminate/Queue/CallQueuedHandler.php(70): Illuminate\\Queue\\CallQueuedHandler->dispatchThroughMiddleware()\n#15 /home/scandiweb/myProjects/sendemails/vendor/laravel/framework/src/Illuminate/Queue/Jobs/Job.php(98): Illuminate\\Queue\\CallQueuedHandler->call()\n#16 /home/scandiweb/myProjects/sendemails/vendor/laravel/framework/src/Illuminate/Queue/Worker.php(428): Illuminate\\Queue\\Jobs\\Job->fire()\n#17 /home/scandiweb/myProjects/sendemails/vendor/laravel/framework/src/Illuminate/Queue/Worker.php(378): Illuminate\\Queue\\Worker->process()\n#18 /home/scandiweb/myProjects/sendemails/vendor/laravel/framework/src/Illuminate/Queue/Worker.php(172): Illuminate\\Queue\\Worker->runJob()\n#19 /home/scandiweb/myProjects/sendemails/vendor/laravel/framework/src/Illuminate/Queue/Console/WorkCommand.php(116): Illuminate\\Queue\\Worker->daemon()\n#20 /home/scandiweb/myProjects/sendemails/vendor/laravel/framework/src/Illuminate/Queue/Console/WorkCommand.php(100): Illuminate\\Queue\\Console\\WorkCommand->runWorker()\n#21 /home/scandiweb/myProjects/sendemails/vendor/laravel/framework/src/Illuminate/Container/BoundMethod.php(36): Illuminate\\Queue\\Console\\WorkCommand->handle()\n#22 /home/scandiweb/myProjects/sendemails/vendor/laravel/framework/src/Illuminate/Container/Util.php(40): Illuminate\\Container\\BoundMethod::Illuminate\\Container\\{closure}()\n#23 /home/scandiweb/myProjects/sendemails/vendor/laravel/framework/src/Illuminate/Container/BoundMethod.php(93): Illuminate\\Container\\Util::unwrapIfClosure()\n#24 /home/scandiweb/myProjects/sendemails/vendor/laravel/framework/src/Illuminate/Container/BoundMethod.php(35): Illuminate\\Container\\BoundMethod::callBoundMethod()\n#25 /home/scandiweb/myProjects/sendemails/vendor/laravel/framework/src/Illuminate/Container/Container.php(653): Illuminate\\Container\\BoundMethod::call()\n#26 /home/scandiweb/myProjects/sendemails/vendor/laravel/framework/src/Illuminate/Console/Command.php(136): Illuminate\\Container\\Container->call()\n#27 /home/scandiweb/myProjects/sendemails/vendor/symfony/console/Command/Command.php(298): Illuminate\\Console\\Command->execute()\n#28 /home/scandiweb/myProjects/sendemails/vendor/laravel/framework/src/Illuminate/Console/Command.php(120): Symfony\\Component\\Console\\Command\\Command->run()\n#29 /home/scandiweb/myProjects/sendemails/vendor/symfony/console/Application.php(1040): Illuminate\\Console\\Command->run()\n#30 /home/scandiweb/myProjects/sendemails/vendor/symfony/console/Application.php(301): Symfony\\Component\\Console\\Application->doRunCommand()\n#31 /home/scandiweb/myProjects/sendemails/vendor/symfony/console/Application.php(171): Symfony\\Component\\Console\\Application->doRun()\n#32 /home/scandiweb/myProjects/sendemails/vendor/laravel/framework/src/Illuminate/Console/Application.php(94): Symfony\\Component\\Console\\Application->run()\n#33 /home/scandiweb/myProjects/sendemails/vendor/laravel/framework/src/Illuminate/Foundation/Console/Kernel.php(129): Illuminate\\Console\\Application->run()\n#34 /home/scandiweb/myProjects/sendemails/artisan(35): Illuminate\\Foundation\\Console\\Kernel->handle()\n#35 {main}', '2023-08-14 20:30:30');

-- --------------------------------------------------------

--
-- Table structure for table `jobs`
--

CREATE TABLE `jobs` (
  `id` bigint(20) UNSIGNED NOT NULL,
  `queue` varchar(255) COLLATE utf8mb4_unicode_ci NOT NULL,
  `payload` longtext COLLATE utf8mb4_unicode_ci NOT NULL,
  `attempts` tinyint(3) UNSIGNED NOT NULL,
  `reserved_at` int(10) UNSIGNED DEFAULT NULL,
  `available_at` int(10) UNSIGNED NOT NULL,
  `created_at` int(10) UNSIGNED NOT NULL
) ENGINE=InnoDB DEFAULT CHARSET=utf8mb4 COLLATE=utf8mb4_unicode_ci;

--
-- Dumping data for table `jobs`
--

INSERT INTO `jobs` (`id`, `queue`, `payload`, `attempts`, `reserved_at`, `available_at`, `created_at`) VALUES
(17, 'default', '{\"uuid\":\"d30e7ace-3aaa-440b-bbe7-7a43ba429629\",\"displayName\":\"App\\\\Jobs\\\\SendGroupEmail\",\"job\":\"Illuminate\\\\Queue\\\\CallQueuedHandler@call\",\"maxTries\":null,\"maxExceptions\":null,\"failOnTimeout\":false,\"backoff\":null,\"timeout\":null,\"retryUntil\":null,\"data\":{\"commandName\":\"App\\\\Jobs\\\\SendGroupEmail\",\"command\":\"O:23:\\\"App\\\\Jobs\\\\SendGroupEmail\\\":12:{s:8:\\\"\\u0000*\\u0000group\\\";O:45:\\\"Illuminate\\\\Contracts\\\\Database\\\\ModelIdentifier\\\":4:{s:5:\\\"class\\\";s:24:\\\"App\\\\Models\\\\CustomerGroup\\\";s:2:\\\"id\\\";i:4;s:9:\\\"relations\\\";a:0:{}s:10:\\\"connection\\\";s:5:\\\"mysql\\\";}s:11:\\\"\\u0000*\\u0000template\\\";O:45:\\\"Illuminate\\\\Contracts\\\\Database\\\\ModelIdentifier\\\":4:{s:5:\\\"class\\\";s:24:\\\"App\\\\Models\\\\EmailTemplate\\\";s:2:\\\"id\\\";i:2;s:9:\\\"relations\\\";a:0:{}s:10:\\\"connection\\\";s:5:\\\"mysql\\\";}s:3:\\\"job\\\";N;s:10:\\\"connection\\\";N;s:5:\\\"queue\\\";N;s:15:\\\"chainConnection\\\";N;s:10:\\\"chainQueue\\\";N;s:19:\\\"chainCatchCallbacks\\\";N;s:5:\\\"delay\\\";O:13:\\\"Carbon\\\\Carbon\\\":3:{s:4:\\\"date\\\";s:26:\\\"2023-08-16 00:00:00.000000\\\";s:13:\\\"timezone_type\\\";i:3;s:8:\\\"timezone\\\";s:3:\\\"UTC\\\";}s:11:\\\"afterCommit\\\";N;s:10:\\\"middleware\\\";a:0:{}s:7:\\\"chained\\\";a:0:{}}\"}}', 0, NULL, 1692144000, 1692087099),
(18, 'default', '{\"uuid\":\"a9611f58-cb2d-400a-b96b-f745f78c0228\",\"displayName\":\"App\\\\Jobs\\\\SendGroupEmail\",\"job\":\"Illuminate\\\\Queue\\\\CallQueuedHandler@call\",\"maxTries\":null,\"maxExceptions\":null,\"failOnTimeout\":false,\"backoff\":null,\"timeout\":null,\"retryUntil\":null,\"data\":{\"commandName\":\"App\\\\Jobs\\\\SendGroupEmail\",\"command\":\"O:23:\\\"App\\\\Jobs\\\\SendGroupEmail\\\":12:{s:8:\\\"\\u0000*\\u0000group\\\";O:45:\\\"Illuminate\\\\Contracts\\\\Database\\\\ModelIdentifier\\\":4:{s:5:\\\"class\\\";s:24:\\\"App\\\\Models\\\\CustomerGroup\\\";s:2:\\\"id\\\";i:4;s:9:\\\"relations\\\";a:0:{}s:10:\\\"connection\\\";s:5:\\\"mysql\\\";}s:11:\\\"\\u0000*\\u0000template\\\";O:45:\\\"Illuminate\\\\Contracts\\\\Database\\\\ModelIdentifier\\\":4:{s:5:\\\"class\\\";s:24:\\\"App\\\\Models\\\\EmailTemplate\\\";s:2:\\\"id\\\";i:1;s:9:\\\"relations\\\";a:0:{}s:10:\\\"connection\\\";s:5:\\\"mysql\\\";}s:3:\\\"job\\\";N;s:10:\\\"connection\\\";N;s:5:\\\"queue\\\";N;s:15:\\\"chainConnection\\\";N;s:10:\\\"chainQueue\\\";N;s:19:\\\"chainCatchCallbacks\\\";N;s:5:\\\"delay\\\";O:13:\\\"Carbon\\\\Carbon\\\":3:{s:4:\\\"date\\\";s:26:\\\"2023-08-17 00:00:00.000000\\\";s:13:\\\"timezone_type\\\";i:3;s:8:\\\"timezone\\\";s:3:\\\"UTC\\\";}s:11:\\\"afterCommit\\\";N;s:10:\\\"middleware\\\";a:0:{}s:7:\\\"chained\\\";a:0:{}}\"}}', 0, NULL, 1692230400, 1692087909);

-- --------------------------------------------------------

--
-- Table structure for table `migrations`
--

CREATE TABLE `migrations` (
  `id` int(10) UNSIGNED NOT NULL,
  `migration` varchar(255) COLLATE utf8mb4_unicode_ci NOT NULL,
  `batch` int(11) NOT NULL
) ENGINE=InnoDB DEFAULT CHARSET=utf8mb4 COLLATE=utf8mb4_unicode_ci;

--
-- Dumping data for table `migrations`
--

INSERT INTO `migrations` (`id`, `migration`, `batch`) VALUES
(1, '2014_10_12_000000_create_users_table', 1),
(2, '2014_10_12_100000_create_password_resets_table', 1),
(3, '2019_08_19_000000_create_failed_jobs_table', 1),
(4, '2019_12_14_000001_create_personal_access_tokens_table', 1),
(5, '2023_08_10_221141_create_customers_table', 2),
(6, '2023_08_11_071101_create_customer_groups_table', 3),
(7, '2023_08_11_194240_create_customer_group_members_table', 4),
(8, '2023_08_12_061919_create_email_templates_table', 5),
(9, '2023_08_12_075508_create_email_schedules_table', 6),
(10, '2023_08_14_102544_create_jobs_table', 7);

-- --------------------------------------------------------

--
-- Table structure for table `password_resets`
--

CREATE TABLE `password_resets` (
  `email` varchar(255) COLLATE utf8mb4_unicode_ci NOT NULL,
  `token` varchar(255) COLLATE utf8mb4_unicode_ci NOT NULL,
  `created_at` timestamp NULL DEFAULT NULL
) ENGINE=InnoDB DEFAULT CHARSET=utf8mb4 COLLATE=utf8mb4_unicode_ci;

-- --------------------------------------------------------

--
-- Table structure for table `personal_access_tokens`
--

CREATE TABLE `personal_access_tokens` (
  `id` bigint(20) UNSIGNED NOT NULL,
  `tokenable_type` varchar(255) COLLATE utf8mb4_unicode_ci NOT NULL,
  `tokenable_id` bigint(20) UNSIGNED NOT NULL,
  `name` varchar(255) COLLATE utf8mb4_unicode_ci NOT NULL,
  `token` varchar(64) COLLATE utf8mb4_unicode_ci NOT NULL,
  `abilities` text COLLATE utf8mb4_unicode_ci DEFAULT NULL,
  `last_used_at` timestamp NULL DEFAULT NULL,
  `created_at` timestamp NULL DEFAULT NULL,
  `updated_at` timestamp NULL DEFAULT NULL
) ENGINE=InnoDB DEFAULT CHARSET=utf8mb4 COLLATE=utf8mb4_unicode_ci;

-- --------------------------------------------------------

--
-- Table structure for table `users`
--

CREATE TABLE `users` (
  `id` bigint(20) UNSIGNED NOT NULL,
  `name` varchar(255) COLLATE utf8mb4_unicode_ci NOT NULL,
  `email` varchar(255) COLLATE utf8mb4_unicode_ci NOT NULL,
  `email_verified_at` timestamp NULL DEFAULT NULL,
  `password` varchar(255) COLLATE utf8mb4_unicode_ci NOT NULL,
  `remember_token` varchar(100) COLLATE utf8mb4_unicode_ci DEFAULT NULL,
  `created_at` timestamp NULL DEFAULT NULL,
  `updated_at` timestamp NULL DEFAULT NULL
) ENGINE=InnoDB DEFAULT CHARSET=utf8mb4 COLLATE=utf8mb4_unicode_ci;

--
-- Dumping data for table `users`
--

INSERT INTO `users` (`id`, `name`, `email`, `email_verified_at`, `password`, `remember_token`, `created_at`, `updated_at`) VALUES
(1, 'moses egboh', 'mosesegboh@yahoo.com', NULL, '$2y$10$rqCsu37SYuOHpc3OZZOC8u4E4muqDp6Up4FscnEEoPGtnrUWRSdge', '6jrjhO3jfLUA35O9BFI1YR6hP6o3MF02uhigWkLcFXQa1b4Hgnm1lvLW3661', '2023-08-09 19:20:03', '2023-08-09 19:20:03');

--
-- Indexes for dumped tables
--

--
-- Indexes for table `customers`
--
ALTER TABLE `customers`
  ADD PRIMARY KEY (`id`),
  ADD UNIQUE KEY `customers_email_unique` (`email`);

--
-- Indexes for table `customer_groups`
--
ALTER TABLE `customer_groups`
  ADD PRIMARY KEY (`id`),
  ADD UNIQUE KEY `customer_groups_name_unique` (`name`);

--
-- Indexes for table `customer_group_members`
--
ALTER TABLE `customer_group_members`
  ADD PRIMARY KEY (`id`),
  ADD KEY `customer_group_members_customer_id_foreign` (`customer_id`),
  ADD KEY `customer_group_members_customer_group_id_foreign` (`customer_group_id`);

--
-- Indexes for table `email_schedules`
--
ALTER TABLE `email_schedules`
  ADD PRIMARY KEY (`id`),
  ADD KEY `email_schedules_email_template_id_foreign` (`email_template_id`),
  ADD KEY `email_schedules_group_id_foreign` (`group_id`);

--
-- Indexes for table `email_templates`
--
ALTER TABLE `email_templates`
  ADD PRIMARY KEY (`id`),
  ADD KEY `email_templates_user_id_foreign` (`user_id`);

--
-- Indexes for table `failed_jobs`
--
ALTER TABLE `failed_jobs`
  ADD PRIMARY KEY (`id`),
  ADD UNIQUE KEY `failed_jobs_uuid_unique` (`uuid`);

--
-- Indexes for table `jobs`
--
ALTER TABLE `jobs`
  ADD PRIMARY KEY (`id`),
  ADD KEY `jobs_queue_index` (`queue`);

--
-- Indexes for table `migrations`
--
ALTER TABLE `migrations`
  ADD PRIMARY KEY (`id`);

--
-- Indexes for table `password_resets`
--
ALTER TABLE `password_resets`
  ADD KEY `password_resets_email_index` (`email`);

--
-- Indexes for table `personal_access_tokens`
--
ALTER TABLE `personal_access_tokens`
  ADD PRIMARY KEY (`id`),
  ADD UNIQUE KEY `personal_access_tokens_token_unique` (`token`),
  ADD KEY `personal_access_tokens_tokenable_type_tokenable_id_index` (`tokenable_type`,`tokenable_id`);

--
-- Indexes for table `users`
--
ALTER TABLE `users`
  ADD PRIMARY KEY (`id`),
  ADD UNIQUE KEY `users_email_unique` (`email`);

--
-- AUTO_INCREMENT for dumped tables
--

--
-- AUTO_INCREMENT for table `customers`
--
ALTER TABLE `customers`
  MODIFY `id` bigint(20) UNSIGNED NOT NULL AUTO_INCREMENT, AUTO_INCREMENT=12;

--
-- AUTO_INCREMENT for table `customer_groups`
--
ALTER TABLE `customer_groups`
  MODIFY `id` bigint(20) UNSIGNED NOT NULL AUTO_INCREMENT, AUTO_INCREMENT=27;

--
-- AUTO_INCREMENT for table `customer_group_members`
--
ALTER TABLE `customer_group_members`
  MODIFY `id` bigint(20) UNSIGNED NOT NULL AUTO_INCREMENT, AUTO_INCREMENT=10;

--
-- AUTO_INCREMENT for table `email_schedules`
--
ALTER TABLE `email_schedules`
  MODIFY `id` bigint(20) UNSIGNED NOT NULL AUTO_INCREMENT;

--
-- AUTO_INCREMENT for table `email_templates`
--
ALTER TABLE `email_templates`
  MODIFY `id` bigint(20) UNSIGNED NOT NULL AUTO_INCREMENT, AUTO_INCREMENT=4;

--
-- AUTO_INCREMENT for table `failed_jobs`
--
ALTER TABLE `failed_jobs`
  MODIFY `id` bigint(20) UNSIGNED NOT NULL AUTO_INCREMENT, AUTO_INCREMENT=13;

--
-- AUTO_INCREMENT for table `jobs`
--
ALTER TABLE `jobs`
  MODIFY `id` bigint(20) UNSIGNED NOT NULL AUTO_INCREMENT, AUTO_INCREMENT=19;

--
-- AUTO_INCREMENT for table `migrations`
--
ALTER TABLE `migrations`
  MODIFY `id` int(10) UNSIGNED NOT NULL AUTO_INCREMENT, AUTO_INCREMENT=11;

--
-- AUTO_INCREMENT for table `personal_access_tokens`
--
ALTER TABLE `personal_access_tokens`
  MODIFY `id` bigint(20) UNSIGNED NOT NULL AUTO_INCREMENT;

--
-- AUTO_INCREMENT for table `users`
--
ALTER TABLE `users`
  MODIFY `id` bigint(20) UNSIGNED NOT NULL AUTO_INCREMENT, AUTO_INCREMENT=2;

--
-- Constraints for dumped tables
--

--
-- Constraints for table `customer_group_members`
--
ALTER TABLE `customer_group_members`
  ADD CONSTRAINT `customer_group_members_customer_group_id_foreign` FOREIGN KEY (`customer_group_id`) REFERENCES `customer_groups` (`id`) ON DELETE CASCADE,
  ADD CONSTRAINT `customer_group_members_customer_id_foreign` FOREIGN KEY (`customer_id`) REFERENCES `customers` (`id`) ON DELETE CASCADE;

--
-- Constraints for table `email_schedules`
--
ALTER TABLE `email_schedules`
  ADD CONSTRAINT `email_schedules_email_template_id_foreign` FOREIGN KEY (`email_template_id`) REFERENCES `email_templates` (`id`) ON DELETE CASCADE,
  ADD CONSTRAINT `email_schedules_group_id_foreign` FOREIGN KEY (`group_id`) REFERENCES `customer_groups` (`id`) ON DELETE CASCADE;

--
-- Constraints for table `email_templates`
--
ALTER TABLE `email_templates`
  ADD CONSTRAINT `email_templates_user_id_foreign` FOREIGN KEY (`user_id`) REFERENCES `users` (`id`) ON DELETE CASCADE;
COMMIT;

/*!40101 SET CHARACTER_SET_CLIENT=@OLD_CHARACTER_SET_CLIENT */;
/*!40101 SET CHARACTER_SET_RESULTS=@OLD_CHARACTER_SET_RESULTS */;
/*!40101 SET COLLATION_CONNECTION=@OLD_COLLATION_CONNECTION */;
